{"name": "FDskater", "training_data_def": {"dt_range": null, "game_number_range": null, "nhl_only_starting_goalies": false, "season_parts": ["REG"], "seasons": [20172018, 20162017, 20152016, 20142015, 20132014]}, "trained_parameters": {"X_feature_means": [0.25907014417604224, 0.06264330841686988, 0.004534956376848863, 3.3933100367958198, 0.4481203661872467, 0.4525570607073851, 0.1531674805028357, 0.032867556872076764, 0.004323899007197559, 0.06444633378003954, 0.00434034416826004, 0.026660759533013792, 1.2801545902665303, 2.258714539399853, 0.21872304870263068, 0.5195417833417151, -0.006163245469903538, 1.6986850570456193, 0.8004202063224396, 0.3765300451542196, 840.0654880938662, 87.03940102659149, 69.12752367720452, 60.43306121220939, 0.49998933496591336, 8.582844564598071, 2.7322323499323464, 2.7296779449955206, 0.5819971854326583, 0.5839220161188348, 0.07700618927045735, 0.07711219846409367, 23.037378887968746, 0.13209277887615653, 4.022063799943668, 9.610765951143131, 2.9871532133745715, 3.0931202810863514, 27.648413334012925, 30.387283757445868, 30.38268161596981, 14.349571102541667, 0.10635916285157233, 6.7363486545161875, 0.5007260935380281, 60.42971939326728, 0.500015968506008, 8.582128043699543, 2.730877465049685, 2.7308943616331205, 0.5824226923431794, 0.5837575224515089, 0.07691093417283076, 0.077050890349727, 23.036135543005628, 0.13214602043043022, 4.022476776841772, 9.613578449526248, 2.987377094713257, 3.0926211307594267, 27.64844211955689, 30.383285652561703, 30.383948091227094, 14.347544980402715, 0.10626492917338158, 6.735513146930557, 0.5001357127426296, 0.5000671125407882, 6.620640610658807, -0.00395528916248183, 0.5008093058447397, 0.5013876382713917, 0.3172618083358404, 0.33535442364212814, 0.1841660688250677, 0.16321769919696374], "X_feature_names": ["p.mean.5.assist", "p.mean.5.assist_pp", "p.mean.5.assist_sh", "p.mean.5.fo", "p.mean.5.fo_win_pct", "p.mean.5.giveaway", "p.mean.5.goal", "p.mean.5.goal_pp", "p.mean.5.goal_sh", "p.mean.5.goal_so", "p.mean.5.goal_t", "p.mean.5.goal_w", "p.mean.5.hit", "p.mean.5.line", "p.mean.5.pen", "p.mean.5.pen_mins", "p.mean.5.pm", "p.mean.5.shot", "p.mean.5.shot_b", "p.mean.5.takeaway", "p.mean.5.toi_ev", "p.mean.5.toi_pp", "p.mean.5.toi_sh", "t.mean.5.fo", "t.mean.5.fo_win_pct", "t.mean.5.giveaway", "t.mean.5.goal", "t.mean.5.goal_ag", "t.mean.5.goal_pk_ag", "t.mean.5.goal_pp", "t.mean.5.goal_sh", "t.mean.5.goal_sh_ag", "t.mean.5.hit", "t.mean.5.ot", "t.mean.5.pen", "t.mean.5.pen_min", "t.mean.5.pk", "t.mean.5.pp", "t.mean.5.save", "t.mean.5.shot", "t.mean.5.shot_ag", "t.mean.5.shot_b", "t.mean.5.so", "t.mean.5.takeaway", "t.mean.5.win", "otc.mean.5.fo", "otc.mean.5.fo_win_pct", "otc.mean.5.giveaway", "otc.mean.5.goal", "otc.mean.5.goal_ag", "otc.mean.5.goal_pk_ag", "otc.mean.5.goal_pp", "otc.mean.5.goal_sh", "otc.mean.5.goal_sh_ag", "otc.mean.5.hit", "otc.mean.5.ot", "otc.mean.5.pen", "otc.mean.5.pen_min", "otc.mean.5.pk", "otc.mean.5.pp", "otc.mean.5.save", "otc.mean.5.shot", "otc.mean.5.shot_ag", "otc.mean.5.shot_b", "otc.mean.5.so", "otc.mean.5.takeaway", "otc.mean.5.win", "x.home_C", "x.modeled_stat_std_mean", "x.modeled_stat_trend", "x.mean.5.player_home_H", "x.mean.5.player_win", "x.player_pos_C#C", "x.player_pos_C#D", "x.player_pos_C#LW", "x.player_pos_C#RW"], "coeffs": [0.0224801210280184, 0.04956472191538825, 0.00303258821002582, 0.16824465260316876, 0.011311640605332109, 0.08548259421231857, -0.03551255858379171, 0.016064768443333214, -0.008707239640901166, 0.062031782591494354, 0.0053945605704988926, 0.03491726889988511, -0.06223893641655682, -0.13971461372155758, -0.04145079798537013, 0.08797560022369158, -0.05374592830843407, 0.42864524691351436, -0.026407908117977028, 0.13965198658494685, 0.9392628866012365, 0.8856392191861391, 0.08606224439064503, 0.0050264137733624075, -0.02039417078460891, 0.03664063828305201, 0.020067305700522644, -0.21785401628654577, -0.050610452449821125, -0.04404945095948032, -0.03298549747037813, 0.008886255226769536, -0.011194255547972118, -0.034066231479936517, -0.007390921742402243, 0.005085155305777018, 0.09320547273870657, -0.0703884807122224, -1.1798863494840626, 0.06517725395319453, 1.138396622677273, 0.023510126884893102, -0.04868784566911714, -0.014720949500064594, 0.04612577815331746, 0.024417784012460586, -0.023005782013042805, 0.008110978390592497, -0.050360114586663, 0.5892302190123837, -0.00862919640286789, 0.013231038958078508, 0.012949062421129835, -0.008623245324301417, 0.028364048145778958, 0.007542541039186799, -0.07695430599624534, 0.016121897780951727, 0.01202554709781137, -0.002159766063310365, 2.5627474204871064, 0.026960520700031035, -2.4079143404322787, 0.06409264816955516, -0.012699202008395246, 0.0300514688238664, -0.008349248365127659, 0.24526947629674503, 1.148904927909524, 0.05194022794108431, -0.054342825456068576, -0.006549105016836933, -0.0, -0.5661042591976546, 0.1317207071010832, 0.12647331492591726], "intercept": 7.92491634074484, "n_iter_": 10000, "num_features": 76, "scaler_mean": [0.25907014417604224, 0.06264330841686988, 0.004534956376848863, 3.3933100367958198, 0.4481203661872467, 0.4525570607073851, 0.1531674805028357, 0.032867556872076764, 0.004323899007197559, 0.06444633378003954, 0.00434034416826004, 0.026660759533013792, 1.2801545902665303, 2.258714539399853, 0.21872304870263068, 0.5195417833417151, -0.006163245469903538, 1.6986850570456193, 0.8004202063224396, 0.3765300451542196, 840.0654880938662, 87.03940102659149, 69.12752367720452, 60.43306121220939, 0.49998933496591336, 8.582844564598071, 2.7322323499323464, 2.7296779449955206, 0.5819971854326583, 0.5839220161188348, 0.07700618927045735, 0.07711219846409367, 23.037378887968746, 0.13209277887615653, 4.022063799943668, 9.610765951143131, 2.9871532133745715, 3.0931202810863514, 27.648413334012925, 30.387283757445868, 30.38268161596981, 14.349571102541667, 0.10635916285157233, 6.7363486545161875, 0.5007260935380281, 60.42971939326728, 0.500015968506008, 8.582128043699543, 2.730877465049685, 2.7308943616331205, 0.5824226923431794, 0.5837575224515089, 0.07691093417283076, 0.077050890349727, 23.036135543005628, 0.13214602043043022, 4.022476776841772, 9.613578449526248, 2.987377094713257, 3.0926211307594267, 27.64844211955689, 30.383285652561703, 30.383948091227094, 14.347544980402715, 0.10626492917338158, 6.735513146930557, 0.5001357127426296, 0.5000671125407882, 6.620640610658807, -0.00395528916248183, 0.5008093058447397, 0.5013876382713917, 0.3172618083358404, 0.33535442364212814, 0.1841660688250677, 0.16321769919696374],