{"trained_parameters": {"X_feature_means": [2.3945600942655076, 0.4585428122545096, 25.563511390416217, 3366.7522390258214, 60.48251333922566, 0.49999108972470424, 8.761072375527812, 2.746656191692054, 2.743487511866169, 0.5845854201446795, 0.5818848407476478, 0.07569478542669367, 22.892330354512325, 0.1399423876395419, 3.942852466529182, 9.301162067498089, 2.9923827293855676, 3.0411044551376545, 30.485128809453705, 14.4227634292448, 0.0958067367180642, 6.7838521719205405, 60.50660806652254, 0.5001011556341265, 8.768149675898599, 2.745541151050887, 0.5831647351535336, 0.07544686702023376, 22.89288450206252, 0.13936194591764384, 3.940087081778297, 9.291458783474084, 3.045243239704051, 30.505424605512854, 0.09572775486152518, 6.777555162705413, 0.4829108639748796], "X_feature_names": ["p.mean.5.goal_ag", "p.mean.5.loss", "p.mean.5.save", "p.mean.5.toi_g", "t.mean.5.fo", "t.mean.5.fo_win_pct", "t.mean.5.giveaway", "t.mean.5.goal", "t.mean.5.goal_ag", "t.mean.5.goal_pk_ag", "t.mean.5.goal_pp", "t.mean.5.goal_sh_ag", "t.mean.5.hit", "t.mean.5.ot", "t.mean.5.pen", "t.mean.5.pen_min", "t.mean.5.pk", "t.mean.5.pp", "t.mean.5.shot_ag", "t.mean.5.shot_b", "t.mean.5.so", "t.mean.5.takeaway", "otc.mean.5.fo", "otc.mean.5.fo_win_pct", "otc.mean.5.giveaway", "otc.mean.5.goal", "otc.mean.5.goal_pp", "otc.mean.5.goal_sh", "otc.mean.5.hit", "otc.mean.5.ot", "otc.mean.5.pen", "otc.mean.5.pen_min", "otc.mean.5.pp", "otc.mean.5.shot", "otc.mean.5.so", "otc.mean.5.takeaway", "x.mean.5.player_win"], "coeffs": [-0.4372968511331028, 0.6461980944031589, 0.5015014667706703, 0.40655547777499124, -0.03081802848744472, 0.0182931872672269, 0.12048972891875573, 0.14544487436408898, 0.8169935357008471, 0.03684856806911944, -0.15039869236722542, 0.010494465746329971, -0.07775893623219331, -0.09281941608932044, 0.3011668643057351, 0.01230729973273242, -0.06606844969087086, 0.1773563411635103, -0.16943111687952198, -0.1550727734036298, -0.007152891970498825, -0.0839413142622861, 0.017721558923435778, 0.040594164307051275, -0.17650236600418762, -0.3722536620080964, 0.12534209471203697, 0.13453552716358394, 0.3306889235085946, -0.08100680401478648, 0.047660697488217496, -0.29187190433570964, -0.48186274347402575, -0.18497929741185506, -0.05927292105278695, 0.07600064798885078, 1.3551614946374755], "intercept": 16.97124901806747, "n_iter_": 41, "num_features": 37, "scaler_mean": [2.3945600942655076, 0.4585428122545096, 25.563511390416217, 3366.7522390258214, 60.48251333922566, 0.49999108972470424, 8.761072375527812, 2.746656191692054, 2.743487511866169, 0.5845854201446795, 0.5818848407476478, 0.07569478542669367, 22.892330354512325, 0.1399423876395419, 3.942852466529182, 9.301162067498089, 2.9923827293855676, 3.0411044551376545, 30.485128809453705, 14.4227634292448, 0.0958067367180642, 6.7838521719205405, 60.50660806652254, 0.5001011556341265, 8.768149675898599, 2.745541151050887, 0.5831647351535336, 0.07544686702023376, 22.89288450206252, 0.13936194591764384, 3.940087081778297, 9.291458783474084, 3.045243239704051, 30.505424605512854, 0.09572775486152518, 6.777555162705413, 0.4829108639748796], "scaler_scale": [0.6576740947968402, 0.227614592940929, 4.452200097285911, 346.9002216095192, 3.705622165880386, 0.036771549342615825, 2.7448961616252605, 0.7571486779459087, 0.7458203817437222, 0.3456981641951813, 0.33709654364820246, 0.12388325163101768, 5.2408633604428525, 0.1536216825996284, 1.2963471799805308, 3.268018424862376, 0.7383083374717397, 0.7082101028540363, 3.4876431860461987, 2.607504040457827, 0.13076116657629724, 2.10902465523546, 3.722999009131247, 0.03649626363093489, 2.7472417242583167, 0.7606440665255136, 0.33823332743997153, 0.12395744206204297, 5.239713550691634, 0.15328343141045295, 1.2967015164073532, 3.2839121402795293, 0.706217528597089, 3.4285978339125625, 0.13081117297428507, 2.1152370352131924, 0.24736493073227836]}, "parameters": {"alpha": 0.001, "calc_stats": {"cur_opp_team_stats": ["fo", "fo_win_pct", "giveaway", "goal", "goal_pp", "goal_sh", "hit", "ot", "pen", "pen_min", "pp", "shot", "so", "takeaway"], "extra_stats": ["player_win"], "model_player_stat": "fd_score#", "model_team_stat": null, "player_stats": ["goal_ag", "loss", "save", "toi_g"], "prev_opp_team_stats": [], "team_stats": ["fo", "fo_win_pct", "giveaway", "goal", "goal_ag", "goal_pk_ag", "goal_pp", "goal_sh_ag", "hit", "ot", "pen", "pen_min", "pk", "pp", "shot_ag", "shot_b", "so", "takeaway"]}, "est": "elasticnet", "hist_agg": "mean", "impute": true, "l1_ratio": 0.1441109546, "n_cases": 500, "n_games": 5, "player_pos": ["G"], "rf_crit": "mse", "rf_max_depth": 0, "rf_max_features": "sqrt", "rf_min_samples_leaf": 1, "rf_n_jobs": 2, "rf_trees": 10}, "training_data_def": {"dt_range": null, "game_number_range": null, "season_parts": ["REG"], "seasons": [20142015, 20152016, 20162017, 20172018]}, "dt_created": "2018-10-11T15:50:14", "dt_trained": "2019-01-10T15:44:04.042596", "meta_extra": {"db_path": "nhl.db", "fantasy_version": "v0.30.4-20-g87bb7df"}, "name": "FDgoalie", "calculation_name": "sklearn"}