{"name": "FD", "trained_parameters": {"X_feature_means": [2.1729633084577116, 0.45984530472636814, 3.176208799751244, 8.117929881840796, 3.7022115982587063, 1.91415967039801, 2.16064598880597, 1.647967195273632, 0.9748872823383085, 0.4740827114427861, 0.7320273631840796, 2.5440065298507464, 1372.6860579912936, 1.2889614427860696, 4.86133918019531, 33.56315310692294, 85.75653106922931, 20.237606518629097, 22.797867294893322, 10.287841326118055, 85.74683942899793, 39.07104092803384, 22.826584561796352, 26.869538004602845, 9.55765612365491, 105.20895533992662, 7.7309471605399, 13.62123297256951, 0.5033121851091621, 4.855954935622318, 33.53856440878274, 85.74850718417615, 39.08644336629968, 22.813320271194875, 22.81959087516328, 10.294224668781489, 105.14190691671332, 26.881496081358463, 9.565823847732785, 105.13222305156437, 26.885399172731237, 9.566585805809542, 13.623709336318964, 0.4993779934067302, 0.5008628731343283, 19.86644204530201, 0.0509771455223882, 0.49949008809709294], "X_feature_names": ["p.median.2.asst", "p.median.2.blks", "p.median.2.d_reb", "p.median.2.fg_att", "p.median.2.fg_made", "p.median.2.fouls", "p.median.2.ft_att", "p.median.2.ft_made", "p.median.2.o_reb", "p.median.2.starter", "p.median.2.stls", "p.median.2.tfg_att", "p.median.2.time", "p.median.2.turnovers", "t.median.2.blks", "t.median.2.d_reb", "t.median.2.fg_att", "t.median.2.fouls", "t.median.2.ft_att", "t.median.2.o_reb", "t.median.2.op_fg_att", "t.median.2.op_fg_made", "t.median.2.op_ft_att", "t.median.2.op_tfg_att", "t.median.2.op_tfg_made", "t.median.2.pts", "t.median.2.stls", "t.median.2.turnovers", "t.median.2.win", "otc.median.2.blks", "otc.median.2.d_reb", "otc.median.2.fg_att", "otc.median.2.fg_made", "otc.median.2.ft_att", "otc.median.2.op_ft_att", "otc.median.2.op_o_reb", "otc.median.2.op_pts", "otc.median.2.op_tfg_att", "otc.median.2.op_tfg_made", "otc.median.2.pts", "otc.median.2.tfg_att", "otc.median.2.tfg_made", "otc.median.2.turnovers", "otc.median.2.win", "x.home_C", "x.modeled_stat_std_mean", "x.modeled_stat_trend", "x.median.2.team_home_H"], "coeffs": [0.7141751500315892, 0.3155615762844768, 0.7374549185776375, 1.4783179476229547, 0.28861181762390964, 0.18666612918639888, 0.5421380629190828, 0.11473023799328388, 0.14120436678311588, 0.8718820284152469, 0.08897761664867347, -0.3191518024115888, 0.36396084445484594, 0.48669710295987884, -0.02632883774713591, -0.08422104401009785, -0.22329286864159745, -0.22204320534024413, -0.15336267652412877, 0.05148056408131881, 0.12017475986129465, 0.0839552683152059, 0.1966532997063021, 0.0468713397551228, 0.006651676764178837, -0.06902636508056062, 0.08205693820621905, -0.16208186487554357, -0.15351796293015654, -0.019556879416460008, 0.13731595432815794, 0.07710646285300776, 0.09587819742820479, 0.08991673292499802, -0.04876112017679777, 0.06047609516283779, 0.48754199242380347, 0.1501155681035275, -0.1497118780244795, -0.16361845182584187, 0.08575745770986266, -0.057969489353748585, 0.0700713735382638, 0.03992217173583252, 0.22513853602603295, 5.9934040104705835, 0.25050376388775764, 0.06923389811007456], "intercept": 20.51851134950188, "num_features": 48, "scaler_mean": [2.1729633084577116, 0.45984530472636814, 3.176208799751244, 8.117929881840796, 3.7022115982587063, 1.91415967039801, 2.16064598880597, 1.647967195273632, 0.9748872823383085, 0.4740827114427861, 0.7320273631840796, 2.5440065298507464, 1372.6860579912936, 1.2889614427860696, 4.86133918019531, 33.56315310692294, 85.75653106922931, 20.237606518629097, 22.797867294893322, 10.287841326118055, 85.74683942899793, 39.07104092803384, 22.826584561796352, 26.869538004602845, 9.55765612365491, 105.20895533992662, 7.7309471605399, 13.62123297256951, 0.5033121851091621, 4.855954935622318, 33.53856440878274, 85.74850718417615, 39.08644336629968, 22.813320271194875, 22.81959087516328, 10.294224668781489, 105.14190691671332, 26.881496081358463, 9.565823847732785, 105.13222305156437, 26.885399172731237, 9.566585805809542, 13.623709336318964, 0.4993779934067302, 0.5008628731343283, 19.86644204530201, 0.0509771455223882, 0.49949008809709294], "scaler_scale": [2.2059660638315544, 0.6759306448458312, 2.346963240190158, 5.11166029876896, 2.614151833236917, 1.1343768910611502, 2.3133325453041333, 1.8877175841218918, 1.137136113155936, 0.4833724017060261, 0.753631585336217, 2.413615405792679, 575.4126745154662, 1.1337749447659784, 1.8682852879393559, 3.989973819810114, 5.640993717467239, 3.2337576633923795, 5.5377305053207415, 2.82577206553719, 5.681272706982783, 3.8977779012103113, 5.395277427279172, 6.02266407912546, 2.8340820651771312, 9.829329819407798, 2.1954905782465324, 2.8767399894675565, 0.368012100146977, 1.8711249324989139, 4.001480817055106, 5.64248334186316, 3.9371539201277383, 5.538892003334366, 5.394382591960469, 2.732672328919967, 9.746554371032964, 6.025413293072443, 2.8353579638478763, 9.832286438753345, 6.66157771279788, 3.037499179973532, 2.8808690644961366, 0.3681743043772172, 0.49999925544867335, 10.641584395074672, 12.105852571760941, 0.36105354381694604]}, "dt_trained": "2019-10-27T21:01:08.214280", "parameters": {"alpha": 1.0, "calc_stats": {"cur_opp_team_stats": ["blks", "d_reb", "fg_att", "fg_made", "ft_att", "op_ft_att", "op_o_reb", "op_pts", "op_tfg_att", "op_tfg_made", "pts", "tfg_att", "tfg_made", "turnovers", "win"], "extra_stats": ["home_C", "modeled_stat_std_mean", "modeled_stat_trend", "team_home_H"], "model_player_stat": "fd_score#", "model_team_stat": null, "player_stats": ["asst", "blks", "d_reb", "fg_att", "fg_made", "fouls", "ft_att", "ft_made", "o_reb", "starter", "stls", "tfg_att", "time", "turnovers"], "prev_opp_team_stats": [], "team_stats": ["blks", "d_reb", "fg_att", "fouls", "ft_att", "o_reb", "op_fg_att", "op_fg_made", "op_ft_att", "op_tfg_att", "op_tfg_made", "pts", "stls", "turnovers", "win"]}, "est": "ols", "hist_agg": "median", "impute": true, "l1_ratio": 0.5, "n_cases": 25883, "n_games": 2, "player_pos": ["C", "F", "G", "PF", "PG", "SF", "SG"], "rf_crit": "mse", "rf_max_depth": 0, "rf_max_features": "sqrt", "rf_min_samples_leaf": 1, "rf_n_jobs": 2, "rf_trees": 10}, "training_data_def": {"dt_range": null, "game_number_range": null, "season_parts": ["REG"], "seasons": [20182019, 20172018, 20162017, 20152016, 20142015]}, "meta_extra": {"db_path": "/home/delano/working/fantasy-research/nba_hist_20082009-20182019.scored.db", "fantasy_version": "v2019.10.24-10-gfa06d8e3"}, "dt_created": "2019-10-27T21:01:01", "calculation_name": "sklearn"}