{"trained_parameters": {"X_feature_means": [2.152515155768464, 0.46139372915448756, 3.174655611477617, 8.107620995501717, 3.691149833236404, 2.174039020673415, 0.9824614171229145, 9.910739708447803, 0.47938681799038724, 0.7399891720639103, 2.4425434287126477, 0.8712895938187746, 1.3002095406148155, 33.248781564010066, 20.04186305381185, 84.9139573597568, 38.595305427972626, 25.60762182688577, 9.12275115826626, 84.90960876337905, 22.546783094994492, 13.636591354286008], "X_feature_names": ["p.mean.6.asst", "p.mean.6.blks", "p.mean.6.d_reb", "p.mean.6.fg_att", "p.mean.6.fg_made", "p.mean.6.ft_att", "p.mean.6.o_reb", "p.mean.6.pts", "p.mean.6.starter", "p.mean.6.stls", "p.mean.6.tfg_att", "p.mean.6.tfg_made", "p.mean.6.turnovers", "t.mean.6.d_reb", "t.mean.6.fouls", "t.mean.6.op_fg_att", "t.mean.6.op_fg_made", "t.mean.6.op_tfg_att", "t.mean.6.op_tfg_made", "otc.mean.6.fg_att", "otc.mean.6.op_asst", "otc.mean.6.turnovers"], "coeffs": [2.008220883885873, 1.0595383937347682, 2.0127658714373333, 2.28906361302517, -0.014573998510087005, 0.8051817734438602, 0.6362230685123889, 2.511343165333771, 0.8536504505882814, 0.5808381148327663, 0.23745047700906746, -0.529201633027375, 0.5618774427701043, -0.22314200953113852, -0.12140747271569323, 0.01819454181950788, -0.03124887078490241, -0.00839057024076826, 0.051984494658385894, 0.24408114201374104, 0.32570602632785983, 0.19817493719159535], "intercept": 20.47966353191211, "num_features": 22, "scaler_mean": [2.152515155768464, 0.46139372915448756, 3.174655611477617, 8.107620995501717, 3.691149833236404, 2.174039020673415, 0.9824614171229145, 9.910739708447803, 0.47938681799038724, 0.7399891720639103, 2.4425434287126477, 0.8712895938187746, 1.3002095406148155, 33.248781564010066, 20.04186305381185, 84.9139573597568, 38.595305427972626, 25.60762182688577, 9.12275115826626, 84.90960876337905, 22.546783094994492, 13.636591354286008], "scaler_scale": [1.9910008874844851, 0.535055879084315, 2.0098859849491015, 4.6748603750013045, 2.2678000260018525, 1.9426412722353346, 0.9455576983557327, 6.247203090048153, 0.4609252620179992, 0.5552198899792619, 2.1652943036685977, 0.8892641786607217, 0.9184816514373718, 2.549809053088947, 2.2144999549621946, 3.8282091297830427, 2.5843806334800226, 4.06140730843515, 1.851354494022974, 3.678395270269437, 2.537242487434002, 1.9305835820057948]}, "meta_extra": {"db_path": "nba_hist_20082009-20172018.db", "fantasy_version": "v2019.0.1-101-g7cd2eac1"}, "dt_created": "2019-02-12T05:43:48", "parameters": {"alpha": 1.0, "calc_stats": {"cur_opp_team_stats": ["fg_att", "op_asst", "turnovers"], "extra_stats": [], "model_player_stat": "y_score#", "model_team_stat": null, "player_stats": ["asst", "blks", "d_reb", "fg_att", "fg_made", "ft_att", "o_reb", "pts", "starter", "stls", "tfg_att", "tfg_made", "turnovers"], "prev_opp_team_stats": [], "team_stats": ["d_reb", "fouls", "op_fg_att", "op_fg_made", "op_tfg_att", "op_tfg_made"]}, "est": "ols", "hist_agg": "mean", "impute": true, "l1_ratio": 0.5, "n_cases": 15899, "n_games": 6, "player_pos": ["C", "F", "G", "PF", "PG", "SF", "SG"], "rf_crit": "mse", "rf_max_depth": 0, "rf_max_features": "sqrt", "rf_min_samples_leaf": 1, "rf_n_jobs": 2, "rf_trees": 10}, "training_data_def": {"dt_range": null, "game_number_range": null, "season_parts": ["REG"], "seasons": [20142015, 20152016, 20162017, 20172018]}, "name": "Y", "dt_trained": "2019-02-12T06:08:35.892413", "calculation_name": "sklearn"}