{"name": "team-win", "trained_parameters": {"X_feature_means": [84.50459323015829, 38.41975148082906, 22.931379387805908, 103.12241519963143, 24.783142786205055, 8.842080372660517, 103.12433052340316, 24.783970395242477, 0.4999704425343766, 84.50764636097719, 38.41956452337592, 17.439244330408965, 38.419058457681864, 17.439500713379267, 103.11897214273887, 24.77951675455828, 8.841354513995618, 103.1190915647838, 24.781102742371527, 0.4998823515501187, 0.5002896631631217, 0.5002838056097321, 0.5001303513715755], "X_feature_names": ["t.median.7.fg_att", "t.median.7.op_fg_made", "t.median.7.op_ft_att", "t.median.7.op_pts", "t.median.7.op_tfg_att", "t.median.7.op_tfg_made", "t.median.7.pts", "t.median.7.tfg_att", "t.median.7.win", "otc.median.7.fg_att", "otc.median.7.fg_made", "otc.median.7.ft_made", "otc.median.7.op_fg_made", "otc.median.7.op_ft_made", "otc.median.7.op_pts", "otc.median.7.op_tfg_att", "otc.median.7.op_tfg_made", "otc.median.7.pts", "otc.median.7.tfg_att", "otc.median.7.win", "x.home_C", "x.modeled_stat_std_mean", "x.median.7.team_home_H"], "coeffs": [-0.00962406713758371, -0.050119899616176425, -0.022201950829818726, -0.012251253711259728, -0.048016311078007225, 0.026772004173475576, 0.07234891218454662, 0.022473690639206283, -0.022842674987740872, 0.01999665329438293, -0.07660549814622089, -0.03556023818767255, 1740430903294.5618, 939000439351.2753, -2199714440744.355, 0.057128145494178016, 627993396705.9281, -0.00400476858034021, -0.05453332379795583, -0.01557479068569022, 0.07964557071593668, 0.07958943182638671, -0.015472919949938976], "intercept": 0.41029492038306314, "num_features": 23, "scaler_mean": [84.50459323015829, 38.41975148082906, 22.931379387805908, 103.12241519963143, 24.783142786205055, 8.842080372660517, 103.12433052340316, 24.783970395242477, 0.4999704425343766, 84.50764636097719, 38.41956452337592, 17.439244330408965, 38.419058457681864, 17.439500713379267, 103.11897214273887, 24.77951675455828, 8.841354513995618, 103.1190915647838, 24.781102742371527, 0.4998823515501187, 0.5002896631631217, 0.5002838056097321, 0.5001303513715755], "scaler_scale": [3.675785675090877, 2.502399655075246, 3.4126611887953384, 6.325263453410683, 4.09796498661278, 1.8060292865542376, 6.580838557541355, 5.361958197212031, 0.2332753835896889, 3.675979776005085, 2.520269369532431, 2.8492493080895436, 2.5029700646399657, 2.700813902960493, 6.326961197387723, 4.103031782875572, 1.8062752962742588, 6.58507087270834, 5.363734126642847, 0.23321530636078222, 0.4999999160952483, 0.18409756703201682, 0.18048868505327073]}, "dt_created": "2020-10-17T23:00:53", "parameters": {"alpha": 1.0, "calc_stats": {"cur_opp_team_stats": ["fg_att", "fg_made", "ft_made", "op_fg_made", "op_ft_made", "op_pts", "op_tfg_att", "op_tfg_made", "pts", "tfg_att", "win"], "extra_stats": ["home_C", "modeled_stat_std_mean", "team_home_H"], "model_player_stat": null, "model_team_stat": "win", "player_stats": [], "prev_opp_team_stats": [], "team_stats": ["fg_att", "op_fg_made", "op_ft_att", "op_pts", "op_tfg_att", "op_tfg_made", "pts", "tfg_att", "win"]}, "est": "ols", "gp_add_white": false, "gp_kernel": "rbf", "hist_agg": "median", "impute": true, "l1_ratio": 0.5, "n_cases": 10000, "n_features": null, "n_games": 7, "player_pos": [], "rf_crit": "mse", "rf_max_depth": 0, "rf_max_features": "sqrt", "rf_min_samples_leaf": 1, "rf_n_jobs": 2, "rf_trees": 10, "sp_C": 1.0, "sp_coef0": 0.0, "sp_degree": 3, "sp_epsilon": 0.1, "sp_gamma": "scale", "sp_shrinking": false, "sp_tol": 0.003}, "training_data_def": {"dt_range": null, "game_number_range": null, "season_parts": ["REG"], "seasons": [20172018, 20162017, 20152016, 20142015, 20132014]}, "meta_extra": {"db_path": "/Users/delano/working/fantasy/nba_hist_20082009-20192020.precovid.scored.db", "fantasy_version": "ed711321d7f9d8f98909fd6a5f18b13aec5f3604"}, "dt_trained": "2020-10-17T23:02:00.125511", "calculation_name": "sklearn"}