{"parameters": {"calc_stats": {"cur_opp_team_stats": ["fo", "fo_win_pct", "giveaway", "goal", "goal_ag", "goal_pk_ag", "goal_pp", "goal_sh", "goal_sh_ag", "hit", "ot", "pen", "pen_min", "pk", "pp", "save", "shot", "shot_ag", "shot_b", "so", "takeaway", "win"], "extra_stats": ["home_C", "modeled_stat_std_mean", "modeled_stat_trend", "player_home_H", "player_pos_C", "player_win"], "model_player_stat": "y_score#", "model_team_stat": null, "player_stats": ["assist", "assist_pp", "assist_sh", "fo", "fo_win_pct", "giveaway", "goal", "goal_pp", "goal_sh", "goal_so", "goal_t", "goal_w", "hit", "line", "pen", "pen_mins", "pm", "shot", "shot_b", "takeaway", "toi_ev", "toi_pp", "toi_sh"], "prev_opp_team_stats": [], "team_stats": ["fo", "fo_win_pct", "giveaway", "goal", "goal_ag", "goal_pk_ag", "goal_pp", "goal_sh", "goal_sh_ag", "hit", "ot", "pen", "pen_min", "pk", "pp", "save", "shot", "shot_ag", "shot_b", "so", "takeaway", "win"]}, "colsample_bytree": 1.0, "gamma": 0, "gpu": false, "hist_agg": "mean", "impute": true, "learning_rate": 0.0427049199, "max_depth": 10, "min_child_weight": 10, "models_path": "./MODELS_xgboost", "n_cases": 105000, "n_games": 4, "player_pos": ["C", "D", "LW", "RW"], "rounds": 96, "subsample": 0.6973869642}, "dt_created": "2019-10-27T20:05:33", "training_data_def": {"dt_range": null, "game_number_range": null, "nhl_only_starting_goalies": false, "season_parts": ["REG"], "seasons": [20182019, 20172018, 20162017, 20152016]}, "trained_parameters": {"X_feature_means": [0.265147669589294, 0.06256489386248269, 0.004666589755422243, 3.349741866635902, 0.4462762702630805, 0.4897797008249452, 0.1579502191970466, 0.03279447392708814, 0.004535359944623904, 0.06542379620489543, 3.932855952596249e-05, 0.02576360525390654, 1.2311432856483617, 2.262183880407207, 0.20608893498260256, 0.4830266497461929, -0.0072522496538994004, 1.72106310567605, 0.8008861428946479, 0.3918136037207217, 842.2980655383873, 84.5187685726893, 67.16121867793505, 59.146438831904526, 0.4999099691649849, 9.281427755535296, 2.8253423867268177, 2.823203551360892, 0.5771999861545385, 0.584115505763173, 0.08154111525192974, 0.08154832642983238, 22.25145665793633, 0.14736330491167737, 3.802083453519631, 8.9507952486991, 2.9648584878448365, 3.0107850376711935, 28.022980581740168, 30.8492676327722, 30.85032479145274, 14.36807582697788, 0.07941526000623048, 7.016636187421398, 0.5005696830543088, 59.144580751731674, 0.49999202059126907, 9.281253245030053, 2.8235290158568995, 2.8241270628776247, 0.5771422967313178, 0.5837193717237217, 0.08133054885717254, 0.08139544945829634, 22.24256046813043, 0.1474094564502544, 3.802007976524252, 8.94935397460896, 2.9637551776257336, 3.0098552764669457, 28.01714096987461, 30.850026248687566, 30.845489456296423, 14.366990785076133, 0.07934747493394559, 7.011186459907775, 0.4999725975239696, 0.5001442085832949, 6.734082846693311, -0.009221273650207414, 0.5008133524137739, 0.5012747875354008, 0.3253230272265805, 0.3341832025842178, 0.18037032764190125, 0.1601234425473004], "X_feature_names": ["p.mean.4.assist", "p.mean.4.assist_pp", "p.mean.4.assist_sh", "p.mean.4.fo", "p.mean.4.fo_win_pct", "p.mean.4.giveaway", "p.mean.4.goal", "p.mean.4.goal_pp", "p.mean.4.goal_sh", "p.mean.4.goal_so", "p.mean.4.goal_t", "p.mean.4.goal_w", "p.mean.4.hit", "p.mean.4.line", "p.mean.4.pen", "p.mean.4.pen_mins", "p.mean.4.pm", "p.mean.4.shot", "p.mean.4.shot_b", "p.mean.4.takeaway", "p.mean.4.toi_ev", "p.mean.4.toi_pp", "p.mean.4.toi_sh", "t.mean.4.fo", "t.mean.4.fo_win_pct", "t.mean.4.giveaway", "t.mean.4.goal", "t.mean.4.goal_ag", "t.mean.4.goal_pk_ag", "t.mean.4.goal_pp", "t.mean.4.goal_sh", "t.mean.4.goal_sh_ag", "t.mean.4.hit", "t.mean.4.ot", "t.mean.4.pen", "t.mean.4.pen_min", "t.mean.4.pk", "t.mean.4.pp", "t.mean.4.save", "t.mean.4.shot", "t.mean.4.shot_ag", "t.mean.4.shot_b", "t.mean.4.so", "t.mean.4.takeaway", "t.mean.4.win", "otc.mean.4.fo", "otc.mean.4.fo_win_pct", "otc.mean.4.giveaway", "otc.mean.4.goal", "otc.mean.4.goal_ag", "otc.mean.4.goal_pk_ag", "otc.mean.4.goal_pp", "otc.mean.4.goal_sh", "otc.mean.4.goal_sh_ag", "otc.mean.4.hit", "otc.mean.4.ot", "otc.mean.4.pen", "otc.mean.4.pen_min", "otc.mean.4.pk", "otc.mean.4.pp", "otc.mean.4.save", "otc.mean.4.shot", "otc.mean.4.shot_ag", "otc.mean.4.shot_b", "otc.mean.4.so", "otc.mean.4.takeaway", "otc.mean.4.win", "x.home_C", "x.modeled_stat_std_mean", "x.modeled_stat_trend", "x.mean.4.player_home_H", "x.mean.4.player_win", "x.player_pos_C#C", "x.player_pos_C#D", "x.player_pos_C#LW", "x.player_pos_C#RW"], "model_path": "./MODELS_xgboost/379e8098-f8f5-11e9-984b-74d435ee4d98.xgboost"}, "dt_trained": "2019-10-27T20:06:11.405766", "name": "Yskater", "meta_extra": {"db_path": "/home/delano/working/fantasy-research/nhl_hist_20072008-20182019.scored.db", "fantasy_version": "v2019.10.24-9-g4b420728"}, "calculation_name": "xgboost"}