{"parameters": {"calc_stats": {"cur_opp_team_stats": ["fo:1", "fo:2", "fo_win_pct:1", "fo_win_pct:2", "giveaway:1", "giveaway:2", "goal:1", "goal:2", "goal_ag:1", "goal_ag:2", "goal_pk_ag:1", "goal_pk_ag:2", "goal_pp:1", "goal_pp:2", "goal_sh:1", "goal_sh:2", "goal_sh_ag:1", "goal_sh_ag:2", "hit:1", "hit:2", "ot:1", "ot:2", "pen:1", "pen:2", "pen_min:1", "pen_min:2", "pk:1", "pk:2", "pp:1", "pp:2", "save:1", "save:2", "shot:1", "shot:2", "shot_ag:1", "shot_ag:2", "shot_b:1", "shot_b:2", "so:1", "so:2", "takeaway:1", "takeaway:2", "win:1", "win:2"], "extra_stats": ["home_C", "modeled_stat_std_mean", "modeled_stat_trend", "player_home_H:1", "player_home_H:2", "player_win:1", "player_win:2"], "model_player_stat": "fd_score#", "model_team_stat": null, "player_stats": ["goal_ag:1", "goal_ag:2", "loss:1", "loss:2", "save:1", "save:2", "toi_g:1", "toi_g:2", "win:1", "win:2"], "prev_opp_team_stats": [], "team_stats": ["fo:1", "fo:2", "fo_win_pct:1", "fo_win_pct:2", "giveaway:1", "giveaway:2", "goal:1", "goal:2", "goal_ag:1", "goal_ag:2", "goal_pk_ag:1", "goal_pk_ag:2", "goal_pp:1", "goal_pp:2", "goal_sh:1", "goal_sh:2", "goal_sh_ag:1", "goal_sh_ag:2", "hit:1", "hit:2", "ot:1", "ot:2", "pen:1", "pen:2", "pen_min:1", "pen_min:2", "pk:1", "pk:2", "pp:1", "pp:2", "save:1", "save:2", "shot:1", "shot:2", "shot_ag:1", "shot_ag:2", "shot_b:1", "shot_b:2", "so:1", "so:2", "takeaway:1", "takeaway:2", "win:1", "win:2"]}, "colsample_bytree": 0.5, "gamma": 7, "gpu": false, "hist_agg": "none", "impute": true, "learning_rate": 0.032435871, "max_depth": 8, "min_child_weight": 9, "models_path": "./MODELS_xgboost", "n_cases": 11000, "n_games": 2, "player_pos": ["G"], "rounds": 150, "subsample": 0.9178174807}, "training_data_def": {"dt_range": null, "game_number_range": null, "nhl_only_starting_goalies": false, "season_parts": ["REG"], "seasons": [20182019, 20172018, 20162017, 20152016, 20142015, 20132014, 20122013]}, "trained_parameters": {"X_feature_means": [2.4325626756927314, 2.4284321037232517, 0.4610177270380357, 0.45987034593540244, 25.583328552578738, 25.572543170213986, 3367.4704997686276, 3367.280277617121, 0.46388617979461877, 0.46486145373185705, 59.44322680589821, 59.39897859643083, 0.4996517298754966, 0.5000173581224541, 8.793791955935509, 8.78556263269639, 2.7689483045498884, 2.767028174671487, 2.7533421309312067, 2.7639295346301718, 0.5748465201675369, 0.5747403454409823, 0.5859773939985082, 0.5857003500315602, 0.07843249756153536, 0.07901532105353763, 0.07831774628492742, 0.07849888104665174, 22.977910379252968, 22.972686061858038, 0.13121808480119343, 0.13025764618121308, 3.959263296804177, 3.963045848396167, 9.583338114636526, 9.59086475010042, 2.9515749612714437, 2.95185631491364, 3.0870962189454354, 3.0816549033109544, 27.706523610075163, 27.7076949561026, 30.436399104940044, 30.42652206346474, 30.4632509036663, 30.47529695300396, 14.367892592805093, 14.372697538302633, 0.10281714384072523, 0.10414873472198313, 6.864593493602617, 6.865840362655649, 0.5032990992024786, 0.5002582200034429, 59.439178333715866, 59.42229109274564, 0.49986558985540624, 0.49997081611570443, 8.798772090888226, 8.797118916437098, 2.763082396144136, 2.7611340679522494, 2.7672710580674775, 2.7624540863177227, 0.576371356437916, 0.5749540863177227, 0.584863438145513, 0.5839072543617999, 0.07815010328207482, 0.07736455463728192, 0.07803534542116136, 0.07811065197428833, 23.002008262565983, 22.98272497704316, 0.13145512967638284, 0.1295339761248852, 3.957941243975212, 3.962752525252524, 9.558870782648611, 9.565599173553718, 2.951285288042231, 2.9523645546372816, 3.083199449162268, 3.0861455463728196, 27.648439293091577, 27.663624885215796, 30.48961441358733, 30.458620293847567, 30.41915308698646, 30.429924242424246, 14.327117282533854, 14.330865472910926, 0.10236401193481753, 0.1022153351698806, 6.865962818453064, 6.857208448117539, 0.49954096855634605, 0.4998852157943066, 0.4989960415351959, 17.24304593552227, -0.06875107566978317, 0.49994116262650407, 0.5007245501750883, 0.47993645563661913, 0.4827919333413786], "X_feature_names": ["p.none.2.goal_ag:1", "p.none.2.goal_ag:2", "p.none.2.loss:1", "p.none.2.loss:2", "p.none.2.save:1", "p.none.2.save:2", "p.none.2.toi_g:1", "p.none.2.toi_g:2", "p.none.2.win:1", "p.none.2.win:2", "t.none.2.fo:1", "t.none.2.fo:2", "t.none.2.fo_win_pct:1", "t.none.2.fo_win_pct:2", "t.none.2.giveaway:1", "t.none.2.giveaway:2", "t.none.2.goal:1", "t.none.2.goal:2", "t.none.2.goal_ag:1", "t.none.2.goal_ag:2", "t.none.2.goal_pk_ag:1", "t.none.2.goal_pk_ag:2", "t.none.2.goal_pp:1", "t.none.2.goal_pp:2", "t.none.2.goal_sh:1", "t.none.2.goal_sh:2", "t.none.2.goal_sh_ag:1", "t.none.2.goal_sh_ag:2", "t.none.2.hit:1", "t.none.2.hit:2", "t.none.2.ot:1", "t.none.2.ot:2", "t.none.2.pen:1", "t.none.2.pen:2", "t.none.2.pen_min:1", "t.none.2.pen_min:2", "t.none.2.pk:1", "t.none.2.pk:2", "t.none.2.pp:1", "t.none.2.pp:2", "t.none.2.save:1", "t.none.2.save:2", "t.none.2.shot:1", "t.none.2.shot:2", "t.none.2.shot_ag:1", "t.none.2.shot_ag:2", "t.none.2.shot_b:1", "t.none.2.shot_b:2", "t.none.2.so:1", "t.none.2.so:2", "t.none.2.takeaway:1", "t.none.2.takeaway:2", "t.none.2.win:1", "t.none.2.win:2", "otc.none.2.fo:1", "otc.none.2.fo:2", "otc.none.2.fo_win_pct:1", "otc.none.2.fo_win_pct:2", "otc.none.2.giveaway:1", "otc.none.2.giveaway:2", "otc.none.2.goal:1", "otc.none.2.goal:2", "otc.none.2.goal_ag:1", "otc.none.2.goal_ag:2", "otc.none.2.goal_pk_ag:1", "otc.none.2.goal_pk_ag:2", "otc.none.2.goal_pp:1", "otc.none.2.goal_pp:2", "otc.none.2.goal_sh:1", "otc.none.2.goal_sh:2", "otc.none.2.goal_sh_ag:1", "otc.none.2.goal_sh_ag:2", "otc.none.2.hit:1", "otc.none.2.hit:2", "otc.none.2.ot:1", "otc.none.2.ot:2", "otc.none.2.pen:1", "otc.none.2.pen:2", "otc.none.2.pen_min:1", "otc.none.2.pen_min:2", "otc.none.2.pk:1", "otc.none.2.pk:2", "otc.none.2.pp:1", "otc.none.2.pp:2", "otc.none.2.save:1", "otc.none.2.save:2", "otc.none.2.shot:1", "otc.none.2.shot:2", "otc.none.2.shot_ag:1", "otc.none.2.shot_ag:2", "otc.none.2.shot_b:1", "otc.none.2.shot_b:2", "otc.none.2.so:1", "otc.none.2.so:2", "otc.none.2.takeaway:1", "otc.none.2.takeaway:2", "otc.none.2.win:1", "otc.none.2.win:2", "x.home_C", "x.modeled_stat_std_mean", "x.modeled_stat_trend", "x.none.2.player_home_H:1", "x.none.2.player_home_H:2", "x.none.2.player_win:1", "x.none.2.player_win:2"], "model_path": "./MODELS_xgboost/e0731a12-1271-11eb-89f2-acde48001122.xgboost"}, "name": "FDgoalie", "dt_created": "2019-10-27T19:55:54", "dt_trained": "2020-10-20T01:16:27.503399", "meta_extra": {"db_path": "/home/delano/working/fantasy-research/nhl_hist_20072008-20182019.scored.db", "fantasy_version": "v2019.10.24-9-g4b420728"}, "calculation_name": "xgboost"}