{"training_data_def": {"dt_range": null, "game_number_range": null, "season_parts": ["REG"], "seasons": [2014, 2015, 2016, 2017, 2018, 2019]}, "meta_extra": {"db_path": "/Users/delano/working/fantasy/lol_hist_2014-2019.scored.db", "fantasy_version": "7b625d12cf0d2a21eafd733c2059b84f660ad00d"}, "trained_parameters": {"X_feature_means": [-0.3629684087820879, -0.512847971322316, 1.9460420534104643, 2.6277764627789817, 194.9434379369473, 0.10407940692295878, 0.7697424502857784, 1.8043153202252673, 476.6217770298524, 0.6824117687660021, 1886.408702611688, 1125.3318936165167, 12.618721250211651, 0.37070732411953844, 6.262007504797429, 3.390901164705394, 29024.521931374507, 476.7912849844862, 0.5812476339749539, 31.317172832524985, 12.391529154347262, 1883.067293377016, 0.3629814561030866, 1123.3121686599393, 4.67134127228888, 3.3892784397479496, 18.11868154973117], "X_feature_names": ["p.mean.6.csdat10", "p.mean.6.csdat15", "p.mean.6.cspm", "p.mean.6.d", "p.mean.6.dmgpm", "p.mean.6.dsh", "p.mean.6.ka10+", "p.mean.6.mgp", "t.mean.6.csat15", "t.mean.6.csdat15", "t.mean.6.dmgpm", "t.mean.6.gepm", "t.mean.6.k", "t.mean.6.kpm", "t.mean.6.tk", "t.mean.6.wdpm", "t.mean.6.xpat15", "otc.mean.6.csat15", "otc.mean.6.csdat15", "otc.mean.6.cspm", "otc.mean.6.d", "otc.mean.6.dmgpm", "otc.mean.6.dpm", "otc.mean.6.gepm", "otc.mean.6.vspm", "otc.mean.6.wdpm", "x.modeled_stat_std_mean"], "coeffs": [0.30707890434275636, -0.39277073669443546, 0.7645612012860149, -0.36569728557386477, 0.4616691847876, 0.08689228316014995, 0.2529195065956034, -0.3141329551158414, -0.420718985241148, 0.5720862705310945, 0.438096233866796, 0.4632568260612633, -1.2420950051480748, 1.1514533769552309, 0.37181617629474073, 0.3464423780201387, -0.199385427409802, 0.4002474290442109, -0.4192121766618495, -0.930470407122899, 0.3856518942878073, -0.28853322751368293, 1.360904739689665, -0.4377742714122425, 0.2593526270727272, -0.34200038187913245, 1.248994272256094], "intercept": 17.986191711091802, "num_features": 27, "scaler_mean": [-0.3629684087820879, -0.512847971322316, 1.9460420534104643, 2.6277764627789817, 194.9434379369473, 0.10407940692295878, 0.7697424502857784, 1.8043153202252673, 476.6217770298524, 0.6824117687660021, 1886.408702611688, 1125.3318936165167, 12.618721250211651, 0.37070732411953844, 6.262007504797429, 3.390901164705394, 29024.521931374507, 476.7912849844862, 0.5812476339749539, 31.317172832524985, 12.391529154347262, 1883.067293377016, 0.3629814561030866, 1123.3121686599393, 4.67134127228888, 3.3892784397479496, 18.11868154973117], "scaler_scale": [4.176531137990042, 6.290660978959864, 2.086786513191721, 0.8572248144405877, 109.75007380219665, 0.056059849579295475, 0.45609735328123946, 0.69924347948214, 38.10849242789324, 19.868322393105917, 232.11016201075665, 114.5444944086415, 3.255301763065901, 0.11066904425348607, 1.824656955730393, 0.5063615219426594, 1163.6746341285718, 37.84145889400957, 19.94610763583088, 2.5658554004319627, 3.3027372482069004, 234.59687235687673, 0.11161448977173706, 115.51750549325457, 3.3443129546464827, 0.5095424648202851, 5.402449414883373]}, "parameters": {"alpha": 1.0, "calc_stats": {"cur_opp_team_stats": ["csat15", "csdat15", "cspm", "d", "dmgpm", "dpm", "gepm", "vspm", "wdpm"], "extra_stats": ["modeled_stat_std_mean"], "model_player_stat": "dk_performance_score#", "model_team_stat": null, "player_stats": ["csdat10", "csdat15", "cspm", "d", "dmgpm", "dsh", "ka10+", "mgp"], "prev_opp_team_stats": [], "team_stats": ["csat15", "csdat15", "dmgpm", "gepm", "k", "kpm", "tk", "wdpm", "xpat15"]}, "est": "ols", "gp_add_white": false, "gp_kernel": "rbf", "hist_agg": "mean", "impute": true, "l1_ratio": 0.5, "n_cases": 20000, "n_features": null, "n_games": 6, "player_pos": ["SUP"], "rf_crit": "mse", "rf_max_depth": 0, "rf_max_features": "sqrt", "rf_min_samples_leaf": 1, "rf_n_jobs": 2, "rf_trees": 10, "sp_C": 1.0, "sp_coef0": 0.0, "sp_degree": 3, "sp_epsilon": 0.1, "sp_gamma": "scale", "sp_shrinking": false, "sp_tol": 0.003}, "dt_created": "2020-10-16T05:19:42", "name": "DKSUP", "dt_trained": "2020-10-16T05:22:33.251815", "calculation_name": "sklearn"}