{"parameters": {"calc_stats": {"cur_opp_team_stats": ["fo:1", "fo:2", "fo_win_pct:1", "fo_win_pct:2", "giveaway:1", "giveaway:2", "goal:1", "goal:2", "goal_ag:1", "goal_ag:2", "goal_pk_ag:1", "goal_pk_ag:2", "goal_pp:1", "goal_pp:2", "goal_sh:1", "goal_sh:2", "goal_sh_ag:1", "goal_sh_ag:2", "hit:1", "hit:2", "ot:1", "ot:2", "pen:1", "pen:2", "pen_min:1", "pen_min:2", "pk:1", "pk:2", "pp:1", "pp:2", "save:1", "save:2", "shot:1", "shot:2", "shot_ag:1", "shot_ag:2", "shot_b:1", "shot_b:2", "so:1", "so:2", "takeaway:1", "takeaway:2", "win:1", "win:2"], "extra_stats": ["home_C", "modeled_stat_std_mean", "modeled_stat_trend", "player_home_H:1", "player_home_H:2", "player_win:1", "player_win:2"], "model_player_stat": "fd_score#", "model_team_stat": null, "player_stats": ["goal_ag:1", "goal_ag:2", "loss:1", "loss:2", "save:1", "save:2", "toi_g:1", "toi_g:2", "win:1", "win:2"], "prev_opp_team_stats": [], "team_stats": ["fo:1", "fo:2", "fo_win_pct:1", "fo_win_pct:2", "giveaway:1", "giveaway:2", "goal:1", "goal:2", "goal_ag:1", "goal_ag:2", "goal_pk_ag:1", "goal_pk_ag:2", "goal_pp:1", "goal_pp:2", "goal_sh:1", "goal_sh:2", "goal_sh_ag:1", "goal_sh_ag:2", "hit:1", "hit:2", "ot:1", "ot:2", "pen:1", "pen:2", "pen_min:1", "pen_min:2", "pk:1", "pk:2", "pp:1", "pp:2", "save:1", "save:2", "shot:1", "shot:2", "shot_ag:1", "shot_ag:2", "shot_b:1", "shot_b:2", "so:1", "so:2", "takeaway:1", "takeaway:2", "win:1", "win:2"]}, "colsample_bytree": 0.5, "gamma": 7, "gpu": false, "hist_agg": "none", "impute": true, "learning_rate": 0.032435871, "max_depth": 8, "min_child_weight": 9, "models_path": "./MODELS_xgboost", "n_cases": 11000, "n_games": 2, "player_pos": ["G"], "rounds": 150, "subsample": 0.9178174807}, "meta_extra": {"db_path": "/home/delano/working/fantasy-research/nhl_hist_20072008-20182019.scored.db", "fantasy_version": "v2019.10.16-23-gdb25c3f1"}, "trained_parameters": {"X_feature_means": [2.4296884049577203, 2.425692111664543, 0.4609637437738909, 0.4598053978918105, 25.574307888335458, 25.563361519749797, 3366.6963274361956, 3366.5044661100983, 0.46385960847909186, 0.4648442024788602, 59.67724745134384, 59.64384196500985, 0.49965529425394045, 0.5000439404472254, 8.788171918443004, 8.779457768508864, 2.7662766450417053, 2.763990267639903, 2.7495945319740502, 2.760108909743946, 0.5770389249304911, 0.5766423357664233, 0.5849165894346616, 0.5841733286988762, 0.0783132530120482, 0.0789016336461592, 0.07813948100092678, 0.07843818792723901, 22.992469879518072, 22.988877302745916, 0.1309082483781279, 0.13011238558683813, 3.9748609823911023, 3.9794925269377823, 9.587696941612604, 9.595353956667825, 2.961132993512512, 2.962113312478276, 3.0842215013901764, 3.077916811493454, 27.69613067655236, 27.70177267987487, 30.4269578313253, 30.416521839879497, 30.449142724745133, 30.465589155370182, 14.367991195551436, 14.377071023056423, 0.10316265060240963, 0.10450700961649867, 6.861387859128823, 6.862762136484764, 0.503417516218721, 0.5004634457189202, 59.67033539940913, 59.647372385422095, 0.4998634362509427, 0.4999711165189203, 8.794126165788102, 8.794136392606758, 2.7594276776921736, 2.758502810128049, 2.763598447546776, 2.7586186916970856, 0.5779991890169728, 0.5763949243872762, 0.5833864334125007, 0.5828263514687988, 0.07802815269651855, 0.07735094733182687, 0.07797022533742687, 0.07804623674604554, 23.017899553959335, 22.99600208586824, 0.13097375890633145, 0.12932383104467235, 3.9726003591496264, 3.9765919230546385, 9.563343567166772, 9.570195260443827, 2.960551468458553, 2.960832029665682, 3.0798239008283614, 3.0831450257836486, 27.64102415570874, 27.658902601541225, 30.479638533279267, 30.44620198157483, 30.40809824480102, 30.42140332580103, 14.328100561895383, 14.334144504316589, 0.10270520766958234, 0.10261312938177183, 6.864392052366332, 6.853583637522452, 0.49956554480681226, 0.5000869111767773, 0.4991312405884397, 17.24905861021301, -0.0712614386655849, 0.5000891212643283, 0.5008537626539749, 0.4798883013487071, 0.4827417977802217], "X_feature_names": ["p.none.2.goal_ag:1", "p.none.2.goal_ag:2", "p.none.2.loss:1", "p.none.2.loss:2", "p.none.2.save:1", "p.none.2.save:2", "p.none.2.toi_g:1", "p.none.2.toi_g:2", "p.none.2.win:1", "p.none.2.win:2", "t.none.2.fo:1", "t.none.2.fo:2", "t.none.2.fo_win_pct:1", "t.none.2.fo_win_pct:2", "t.none.2.giveaway:1", "t.none.2.giveaway:2", "t.none.2.goal:1", "t.none.2.goal:2", "t.none.2.goal_ag:1", "t.none.2.goal_ag:2", "t.none.2.goal_pk_ag:1", "t.none.2.goal_pk_ag:2", "t.none.2.goal_pp:1", "t.none.2.goal_pp:2", "t.none.2.goal_sh:1", "t.none.2.goal_sh:2", "t.none.2.goal_sh_ag:1", "t.none.2.goal_sh_ag:2", "t.none.2.hit:1", "t.none.2.hit:2", "t.none.2.ot:1", "t.none.2.ot:2", "t.none.2.pen:1", "t.none.2.pen:2", "t.none.2.pen_min:1", "t.none.2.pen_min:2", "t.none.2.pk:1", "t.none.2.pk:2", "t.none.2.pp:1", "t.none.2.pp:2", "t.none.2.save:1", "t.none.2.save:2", "t.none.2.shot:1", "t.none.2.shot:2", "t.none.2.shot_ag:1", "t.none.2.shot_ag:2", "t.none.2.shot_b:1", "t.none.2.shot_b:2", "t.none.2.so:1", "t.none.2.so:2", "t.none.2.takeaway:1", "t.none.2.takeaway:2", "t.none.2.win:1", "t.none.2.win:2", "otc.none.2.fo:1", "otc.none.2.fo:2", "otc.none.2.fo_win_pct:1", "otc.none.2.fo_win_pct:2", "otc.none.2.giveaway:1", "otc.none.2.giveaway:2", "otc.none.2.goal:1", "otc.none.2.goal:2", "otc.none.2.goal_ag:1", "otc.none.2.goal_ag:2", "otc.none.2.goal_pk_ag:1", "otc.none.2.goal_pk_ag:2", "otc.none.2.goal_pp:1", "otc.none.2.goal_pp:2", "otc.none.2.goal_sh:1", "otc.none.2.goal_sh:2", "otc.none.2.goal_sh_ag:1", "otc.none.2.goal_sh_ag:2", "otc.none.2.hit:1", "otc.none.2.hit:2", "otc.none.2.ot:1", "otc.none.2.ot:2", "otc.none.2.pen:1", "otc.none.2.pen:2", "otc.none.2.pen_min:1", "otc.none.2.pen_min:2", "otc.none.2.pk:1", "otc.none.2.pk:2", "otc.none.2.pp:1", "otc.none.2.pp:2", "otc.none.2.save:1", "otc.none.2.save:2", "otc.none.2.shot:1", "otc.none.2.shot:2", "otc.none.2.shot_ag:1", "otc.none.2.shot_ag:2", "otc.none.2.shot_b:1", "otc.none.2.shot_b:2", "otc.none.2.so:1", "otc.none.2.so:2", "otc.none.2.takeaway:1", "otc.none.2.takeaway:2", "otc.none.2.win:1", "otc.none.2.win:2", "x.home_C", "x.modeled_stat_std_mean", "x.modeled_stat_trend", "x.none.2.player_home_H:1", "x.none.2.player_home_H:2", "x.none.2.player_win:1", "x.none.2.player_win:2"], "model_path": "./MODELS_xgboost/606b38ca-f60e-11e9-984b-74d435ee4d98.xgboost"}, "dt_created": "2019-10-24T03:21:52", "training_data_def": {"dt_range": null, "game_number_range": null, "nhl_only_starting_goalies": false, "season_parts": ["REG"], "seasons": [20182019, 20172018, 20162017, 20152016, 20142015, 20132014, 20122013]}, "dt_trained": "2019-10-24T03:28:42.250759", "name": "FDgoalie", "calculation_name": "xgboost"}