{"name": "team-win", "trained_parameters": {"X_feature_means": [2.7212930472968617, 2.72121950707037, 0.5841195133738174, 9.820919042716396, 3.112810707456973, 27.524835585065016, 30.248418885130054, 30.25064610341866, 0.10966948921059068, 2.7217887964247254, 0.584126108519315, 0.07589311982515722, 0.12756342901972856, 9.822302778128067, 27.52451911626657, 30.251611118116013, 30.25095020944536, 0.10956583869204446, 0.4997058390939844, 0.500454746798156, -0.0008115689282037264, 0.5002721037853798], "X_feature_names": ["t.mean.7.goal", "t.mean.7.goal_ag", "t.mean.7.goal_pp", "t.mean.7.pen_min", "t.mean.7.pp", "t.mean.7.save", "t.mean.7.shot", "t.mean.7.shot_ag", "t.mean.7.so", "otc.mean.7.goal", "otc.mean.7.goal_pp", "otc.mean.7.goal_sh", "otc.mean.7.ot", "otc.mean.7.pen_min", "otc.mean.7.save", "otc.mean.7.shot", "otc.mean.7.shot_ag", "otc.mean.7.so", "x.home_C", "x.modeled_stat_std_mean", "x.modeled_stat_trend", "x.mean.7.team_home_H"], "coeffs": [0.015972045430086033, -0.013531027785242473, -0.010456410685658453, 0.011235767833422231, 0.00569687751641314, -0.0855336277498498, 0.01710898893866868, 0.0599977452361211, 0.009100920552762185, -0.02820638540287411, 0.010306595828341545, 0.00634297353656737, 0.002525852832884572, -0.015224883086773847, -0.02716091089006439, -0.02101799071388568, 0.059172005822806774, -0.008691867484809893, 0.048240055808426614, 0.03161737082916619, -0.008250299322658479, -0.00885738076716753], "intercept": 0.49970583909398597, "num_features": 22, "scaler_mean": [2.7212930472968617, 2.72121950707037, 0.5841195133738174, 9.820919042716396, 3.112810707456973, 27.524835585065016, 30.248418885130054, 30.25064610341866, 0.10966948921059068, 2.7217887964247254, 0.584126108519315, 0.07589311982515722, 0.12756342901972856, 9.822302778128067, 27.52451911626657, 30.251611118116013, 30.25095020944536, 0.10956583869204446, 0.4997058390939844, 0.500454746798156, -0.0008115689282037264, 0.5002721037853798], "scaler_scale": [0.6545233069636366, 0.6477835154286792, 0.2904775075821683, 3.18841031445529, 0.6311629045514238, 3.157079950562508, 3.1289926924739433, 3.261774137115235, 0.12104832567082978, 0.6546038161453365, 0.2908145136265384, 0.10614357914562267, 0.12623565460941594, 3.1912133040939556, 3.1613465400146565, 3.1295541969233702, 3.2632187302831652, 0.12109150388206734, 0.49999991346935435, 0.14389189860030885, 0.12083992683564403, 0.1845433083410982]}, "dt_created": "2020-10-17T04:52:12", "meta_extra": {"db_path": "/Users/delano/working/fantasy/nhl_hist_20072008-20192020.precovid.scored.db", "fantasy_version": "20bd314e568f874017fc10e016a3ec3e1285747d"}, "training_data_def": {"dt_range": null, "game_number_range": null, "nhl_only_starting_goalies": false, "season_parts": ["REG"], "seasons": [20172018, 20162017, 20152016, 20142015, 20132014, 20122013]}, "parameters": {"alpha": 1.0, "calc_stats": {"cur_opp_team_stats": ["goal", "goal_pp", "goal_sh", "ot", "pen_min", "save", "shot", "shot_ag", "so"], "extra_stats": ["home_C", "modeled_stat_std_mean", "modeled_stat_trend", "team_home_H"], "model_player_stat": null, "model_team_stat": "win", "player_stats": [], "prev_opp_team_stats": [], "team_stats": ["goal", "goal_ag", "goal_pp", "pen_min", "pp", "save", "shot", "shot_ag", "so"]}, "est": "ols", "gp_add_white": false, "gp_kernel": "rbf", "hist_agg": "mean", "impute": true, "l1_ratio": 0.5, "n_cases": 10000, "n_features": null, "n_games": 7, "player_pos": [], "rf_crit": "mse", "rf_max_depth": 0, "rf_max_features": "sqrt", "rf_min_samples_leaf": 1, "rf_n_jobs": 2, "rf_trees": 10, "sp_C": 1.0, "sp_coef0": 0.0, "sp_degree": 3, "sp_epsilon": 0.1, "sp_gamma": "scale", "sp_shrinking": false, "sp_tol": 0.003}, "dt_trained": "2020-10-17T04:53:42.090679", "calculation_name": "sklearn"}