{"dt_trained": "2020-10-17T04:04:19.492857", "name": "FDT", "training_data_def": {"dt_range": null, "game_number_range": null, "season_parts": ["REG"], "seasons": [2014, 2015, 2016, 2017, 2018, 2019]}, "trained_parameters": {"X_feature_means": [0.7197122959071538, 476.7002880356442, 0.4110277526854495, 0.7104645900575354, 31.318125431920606, 12.420364104277507, 1885.4871296078702, 1.5312084450696681, 15135.529652224855, 23800.807500060237, 19.951395724454354, 1124.0698436046555, 12.600744395304957, 0.3706355932650467, 6.22130866312042, 4.693837372590736, 3.388349723260235, 29023.876179456736, 32.06754931717482, 0.7191534438911623, 0.3057376874821137, 0.5467045211269684, 12.424638000103771, 1883.0218826560679, 0.36446325634299637, 1.5371579808376237, 40.5066710955045, 1123.4817709311494, 12.566334773845574, 0.3694681655699794, 6.208031573670632, 4.722496073466437, 1.3182389825271252, 3.3905417113492313, 28.181561266693542, 13.426534176598397, 0.02468580105801497], "X_feature_names": ["t.mean.5.brnk", "t.mean.5.csat15", "t.mean.5.csdat10", "t.mean.5.csdat15", "t.mean.5.cspm", "t.mean.5.d", "t.mean.5.dmgpm", "t.mean.5.drgk", "t.mean.5.gat10", "t.mean.5.gat15", "t.mean.5.gdat10", "t.mean.5.gepm", "t.mean.5.k", "t.mean.5.kpm", "t.mean.5.tk", "t.mean.5.vspm", "t.mean.5.wdpm", "t.mean.5.xpat15", "t.mean.5.xpdat15", "otc.mean.5.brnk", "otc.mean.5.csdat10", "otc.mean.5.csdat15", "otc.mean.5.d", "otc.mean.5.dmgpm", "otc.mean.5.dpm", "otc.mean.5.drgk", "otc.mean.5.gdat15", "otc.mean.5.gepm", "otc.mean.5.k", "otc.mean.5.kpm", "otc.mean.5.tk", "otc.mean.5.vspm", "otc.mean.5.wdcpm", "otc.mean.5.wdpm", "otc.mean.5.xpdat15", "x.modeled_stat_std_mean", "x.modeled_stat_trend"], "coeffs": [-0.3983276973096426, -0.2770948894741019, 0.21342128384419193, 0.15921985823145782, 0.22780670636601397, -0.18255649567783436, 0.5304274402590021, 0.5592941232799233, 0.3510537557708225, 0.3302884943901274, -0.18307959717971375, 0.73905215673582, -0.7314066839827801, 0.16281662531581945, 0.2309204729596126, -0.4722266057808525, 0.5352367044632546, -0.1370073637285989, -0.11996679532887126, 0.2767918289590275, -0.07755996079746842, -0.39739454518492884, 0.5478176226679358, -0.4091535591426818, -0.5151520119562346, 0.29437520505202186, -0.11878922850099502, -0.8942567115848807, 0.9932212915003761, -0.9341204721817467, -0.8902694540444686, 0.45325016098505544, -0.39915182436686786, -0.4150703537145067, 0.21182609894718782, 1.1305285832105858, 0.15084191605209993], "intercept": 13.402304763998968, "num_features": 37, "scaler_mean": [0.7197122959071538, 476.7002880356442, 0.4110277526854495, 0.7104645900575354, 31.318125431920606, 12.420364104277507, 1885.4871296078702, 1.5312084450696681, 15135.529652224855, 23800.807500060237, 19.951395724454354, 1124.0698436046555, 12.600744395304957, 0.3706355932650467, 6.22130866312042, 4.693837372590736, 3.388349723260235, 29023.876179456736, 32.06754931717482, 0.7191534438911623, 0.3057376874821137, 0.5467045211269684, 12.424638000103771, 1883.0218826560679, 0.36446325634299637, 1.5371579808376237, 40.5066710955045, 1123.4817709311494, 12.566334773845574, 0.3694681655699794, 6.208031573670632, 4.722496073466437, 1.3182389825271252, 3.3905417113492313, 28.181561266693542, 13.426534176598397, 0.02468580105801497], "scaler_scale": [0.3290343633887454, 37.944301988270404, 12.835745419625587, 20.379751878691472, 2.5645222587290104, 3.4113953666750056, 241.42763297581797, 0.9392325905618188, 706.1354482190624, 1234.2482637292403, 603.8903568808211, 117.3686728410941, 3.373227196976426, 0.11353981000884963, 1.896545171662661, 3.348528258517654, 0.5057408583502704, 1170.2979598912104, 936.9297405310513, 0.3382319015643863, 13.084314327474708, 20.73993792876067, 3.458678064335573, 245.38964581816688, 0.11625067652351505, 0.9414079044068878, 1342.0831672214474, 118.82735406073137, 3.422676690543417, 0.11481452450517333, 1.9401272953012372, 3.3304247520938346, 0.2920444944235997, 0.5090063689515762, 955.6421567899598, 3.7678864891563006, 2.6954506904137285]}, "meta_extra": {"db_path": "/Users/delano/working/fantasy/lol_hist_2014-2019.scored.db", "fantasy_version": "5ff6a1560af7b43d43547da9d3631d202c510500"}, "dt_created": "2020-10-16T16:33:28", "parameters": {"alpha": 1.0, "calc_stats": {"cur_opp_team_stats": ["brnk", "csdat10", "csdat15", "d", "dmgpm", "dpm", "drgk", "gdat15", "gepm", "k", "kpm", "tk", "vspm", "wdcpm", "wdpm", "xpdat15"], "extra_stats": ["modeled_stat_std_mean", "modeled_stat_trend"], "model_player_stat": null, "model_team_stat": "fd_performance_score#", "player_stats": [], "prev_opp_team_stats": [], "team_stats": ["brnk", "csat15", "csdat10", "csdat15", "cspm", "d", "dmgpm", "drgk", "gat10", "gat15", "gdat10", "gepm", "k", "kpm", "tk", "vspm", "wdpm", "xpat15", "xpdat15"]}, "est": "ols", "gp_add_white": false, "gp_kernel": "rbf", "hist_agg": "mean", "impute": true, "l1_ratio": 0.5, "n_cases": 20000, "n_features": null, "n_games": 5, "player_pos": [], "rf_crit": "mse", "rf_max_depth": 0, "rf_max_features": "sqrt", "rf_min_samples_leaf": 1, "rf_n_jobs": 2, "rf_trees": 10, "sp_C": 1.0, "sp_coef0": 0.0, "sp_degree": 3, "sp_epsilon": 0.1, "sp_gamma": "scale", "sp_shrinking": false, "sp_tol": 0.003}, "calculation_name": "sklearn"}