{"trained_parameters": {"X_feature_means": [2.156598761753862, 0.4623122683338624, 3.180806750187917, 8.123243160572343, 3.6989309990088346, 2.178587660533912, 1.6607692940322765, 0.9843163169458378, 0.038373802622213876, 9.931597787836033, 0.48062913644515, 0.7413649565631953, 2.4467108272242983, 0.872966495786053, 1.3024685568846743, 22.583868877442615, 33.251070486889354, 84.92442586255724, 38.64805768145604, 10.276638057811365, 22.747922165825656, 17.32611641644211, 10.285634910211874, 25.60934264095262, 9.123697339766125, 7.759154521012125, 33.23150476229017, 84.91337318464508, 20.042618679604338, 22.747676438511796, 17.32497821984344, 10.285086882500856, 22.548097802164172, 38.61376616554281, 103.69762705732967, 25.634371083841398, 9.136930246251735, 7.756669682935905, 25.627823326487963, 9.1330730297919], "X_feature_names": ["p.mean.7.asst", "p.mean.7.blks", "p.mean.7.d_reb", "p.mean.7.fg_att", "p.mean.7.fg_made", "p.mean.7.ft_att", "p.mean.7.ft_made", "p.mean.7.o_reb", "p.mean.7.pm", "p.mean.7.pts", "p.mean.7.starter", "p.mean.7.stls", "p.mean.7.tfg_att", "p.mean.7.tfg_made", "p.mean.7.turnovers", "t.mean.7.asst", "t.mean.7.d_reb", "t.mean.7.fg_att", "t.mean.7.fg_made", "t.mean.7.o_reb", "t.mean.7.op_ft_att", "t.mean.7.op_ft_made", "t.mean.7.op_o_reb", "t.mean.7.op_tfg_att", "t.mean.7.op_tfg_made", "t.mean.7.stls", "otc.mean.7.d_reb", "otc.mean.7.fg_att", "otc.mean.7.fouls", "otc.mean.7.ft_att", "otc.mean.7.ft_made", "otc.mean.7.o_reb", "otc.mean.7.op_asst", "otc.mean.7.op_fg_made", "otc.mean.7.op_pts", "otc.mean.7.op_tfg_att", "otc.mean.7.op_tfg_made", "otc.mean.7.stls", "otc.mean.7.tfg_att", "otc.mean.7.tfg_made"], "coeffs": [2.0950391830227937, 1.0672752396389427, 1.966446073414859, 2.368529541529641, 1892724650687.812, 0.8215750475537629, 657505200501.7961, 0.7131714335924897, 0.15800929296851973, -2611814972491.557, 0.7489905414748765, 0.6148141485999195, 0.2643207106072374, 369833376286.6345, 0.5323968728794994, 0.08911011215315394, -0.2344578587312019, 0.07876997216574262, -0.11802186746408298, -0.18503334579453587, -0.12056756672180682, 0.047238337899401184, 0.05122832493626641, -0.1441339428579456, 0.11204792607604172, -0.02463866210175725, 0.10643726856342685, -0.025670557839276714, 0.0854242039949349, -0.04983692246248692, 0.03348321926866762, 0.06932179831224647, 0.13710608106034788, 0.23872188669140218, 0.2867355343642903, 0.22076242447174318, -0.1927988269006662, 0.022315484840966477, 0.19050882595325333, -0.2398274262433058], "intercept": 20.550007922812988, "num_features": 40, "scaler_mean": [2.156598761753862, 0.4623122683338624, 3.180806750187917, 8.123243160572343, 3.6989309990088346, 2.178587660533912, 1.6607692940322765, 0.9843163169458378, 0.038373802622213876, 9.931597787836033, 0.48062913644515, 0.7413649565631953, 2.4467108272242983, 0.872966495786053, 1.3024685568846743, 22.583868877442615, 33.251070486889354, 84.92442586255724, 38.64805768145604, 10.276638057811365, 22.747922165825656, 17.32611641644211, 10.285634910211874, 25.60934264095262, 9.123697339766125, 7.759154521012125, 33.23150476229017, 84.91337318464508, 20.042618679604338, 22.747676438511796, 17.32497821984344, 10.285086882500856, 22.548097802164172, 38.61376616554281, 103.69762705732967, 25.634371083841398, 9.136930246251735, 7.756669682935905, 25.627823326487963, 9.1330730297919], "scaler_scale": [1.9749279642238315, 0.5232563424027477, 1.9824313211417006, 4.639027080099198, 2.2401659058366024, 1.9129392544398, 1.5564025464972808, 0.9305566401521137, 4.872091576596713, 6.182514558161772, 0.4575312819969106, 0.536890017216524, 2.150241704622966, 0.8754449519087578, 0.9006210726160055, 2.8123364112826907, 2.413128343142247, 3.5178330970189053, 2.5236492958492187, 1.8103659981995863, 3.3851597100769357, 2.6971804944782702, 1.6150251210128168, 3.9418389028524827, 1.7757569312722774, 1.3892600466630258, 2.4161870290098983, 3.522058334785795, 2.1223195822071212, 3.531782934848713, 2.8079291852865236, 1.8136175401929044, 2.420698662666289, 2.478288043497892, 6.276788177736338, 3.945911668829437, 1.7783229829238723, 1.3873401781762669, 5.353817001830052, 2.2756825884117275]}, "meta_extra": {"db_path": "nba_hist_20082009-20172018.db", "fantasy_version": "v2019.0.1-101-g7cd2eac1"}, "dt_created": "2019-02-12T06:08:57", "parameters": {"alpha": 1.0, "calc_stats": {"cur_opp_team_stats": ["d_reb", "fg_att", "fouls", "ft_att", "ft_made", "o_reb", "op_asst", "op_fg_made", "op_pts", "op_tfg_att", "op_tfg_made", "stls", "tfg_att", "tfg_made"], "extra_stats": [], "model_player_stat": "fd_score#", "model_team_stat": null, "player_stats": ["asst", "blks", "d_reb", "fg_att", "fg_made", "ft_att", "ft_made", "o_reb", "pm", "pts", "starter", "stls", "tfg_att", "tfg_made", "turnovers"], "prev_opp_team_stats": [], "team_stats": ["asst", "d_reb", "fg_att", "fg_made", "o_reb", "op_ft_att", "op_ft_made", "op_o_reb", "op_tfg_att", "op_tfg_made", "stls"]}, "est": "ols", "hist_agg": "mean", "impute": true, "l1_ratio": 0.5, "n_cases": 13598, "n_games": 7, "player_pos": ["C", "F", "G", "PF", "PG", "SF", "SG"], "rf_crit": "mse", "rf_max_depth": 0, "rf_max_features": "sqrt", "rf_min_samples_leaf": 1, "rf_n_jobs": 2, "rf_trees": 10}, "training_data_def": {"dt_range": null, "game_number_range": null, "season_parts": ["REG"], "seasons": [20142015, 20152016, 20162017, 20172018]}, "name": "FD", "dt_trained": "2019-02-12T06:25:05.561644", "calculation_name": "sklearn"}