{"parameters": {"alpha": 0.01, "calc_stats": {"cur_opp_team_stats": ["def_fumble_recov", "def_int", "def_sacks", "op_passing_yds", "op_pts", "op_rushing_yds", "op_turnovers", "op_yds", "pen_yds", "pens", "pts", "turnovers", "win", "yds"], "extra_stats": ["home_C", "modeled_stat_std_mean", "modeled_stat_trend", "player_home_H", "player_pos_C", "player_win"], "model_player_stat": "fd_score_off#", "model_team_stat": null, "player_stats": ["fumbles_lost", "receiving_rec", "receiving_targets", "receiving_tds", "receiving_twoptm", "receiving_yds", "tds"], "prev_opp_team_stats": [], "team_stats": ["def_fumble_recov", "def_int", "op_pts", "op_turnovers", "op_yds", "passing_yds", "pen_yds", "pens", "pts", "rushing_yds", "turnovers", "win", "yds"]}, "est": "lasso", "gp_add_white": false, "gp_kernel": "rbf", "hist_agg": "mean", "impute": true, "l1_ratio": 0.05, "n_cases": 15000, "n_features": null, "n_games": 3, "player_pos": ["TE", "WR"], "rf_crit": "mse", "rf_max_depth": 0, "rf_max_features": "sqrt", "rf_min_samples_leaf": 1, "rf_n_jobs": 2, "rf_trees": 10, "sp_C": 1.0, "sp_coef0": 0.0, "sp_degree": 3, "sp_epsilon": 0.1, "sp_gamma": "scale", "sp_shrinking": false, "sp_tol": 0.003}, "trained_parameters": {"X_feature_means": [0.027244795585653226, 3.002320040130429, 4.941857913217943, 0.24372962126912107, 0.007634186104840743, 37.88598883872594, 0.2481972661148692, 0.5644367080667472, 0.8862203613097422, 22.641842303349627, 1.479213712206737, 347.2747381131591, 235.08947277631506, 56.30154623008401, 6.598866202483976, 22.70514207753111, 112.34361278384112, 1.4725646092083755, 0.5005096600175589, 347.4330855601561, 0.562391191831751, 0.8818284477485518, 2.3379601311187685, 234.7081510061304, 22.653719474897507, 112.1815508398811, 1.4729057858498225, 346.88970184601436, 56.22909706864912, 6.5854546024874585, 22.658228642230924, 1.4750623441396467, 0.49746702426323697, 347.04636208221706, 0.4982599699021821, 6.911056347362741, -0.0063078442437924315, 0.5011221356012249, 0.49923644156458435, 0.33022949586155004, 0.66977050413845], "X_feature_names": ["p.mean.3.fumbles_lost", "p.mean.3.receiving_rec", "p.mean.3.receiving_targets", "p.mean.3.receiving_tds", "p.mean.3.receiving_twoptm", "p.mean.3.receiving_yds", "p.mean.3.tds", "t.mean.3.def_fumble_recov", "t.mean.3.def_int", "t.mean.3.op_pts", "t.mean.3.op_turnovers", "t.mean.3.op_yds", "t.mean.3.passing_yds", "t.mean.3.pen_yds", "t.mean.3.pens", "t.mean.3.pts", "t.mean.3.rushing_yds", "t.mean.3.turnovers", "t.mean.3.win", "t.mean.3.yds", "otc.mean.3.def_fumble_recov", "otc.mean.3.def_int", "otc.mean.3.def_sacks", "otc.mean.3.op_passing_yds", "otc.mean.3.op_pts", "otc.mean.3.op_rushing_yds", "otc.mean.3.op_turnovers", "otc.mean.3.op_yds", "otc.mean.3.pen_yds", "otc.mean.3.pens", "otc.mean.3.pts", "otc.mean.3.turnovers", "otc.mean.3.win", "otc.mean.3.yds", "x.home_C", "x.modeled_stat_std_mean", "x.modeled_stat_trend", "x.mean.3.player_home_H", "x.mean.3.player_win", "x.player_pos_C#TE", "x.player_pos_C#WR"], "coeffs": [0.05098139886086825, 0.11602791708108025, 1.5501056858781392, -0.07370072200634702, -0.015284851941830725, 0.40196904497051705, 0.0, 0.05162302380363791, -0.043284511974158967, -0.10030733213747807, -0.0, 0.02093748001242466, -0.0393911628316836, -0.04349590807584256, 0.0, 0.17850107680778496, -0.0, -0.103372148514208, 0.08050354760205526, -0.17782603901510713, 0.015857073993416192, 0.017277635423745826, -0.03586267461469303, 0.0011734934542723926, 0.12317768052006588, 0.0, 0.0, 0.030760741401740583, 0.0, 0.032416838945727576, -0.05649499845155616, -0.03688611050959307, 0.0, 0.06905271140262625, 0.1283798645498189, 1.2814852385848503, 0.0, 0.009576882447172344, 0.03803189964066632, -0.18884002846445133, 2.1385785876903426e-17], "intercept": 6.785393152746481, "n_iter_": 22, "num_features": 41, "scaler_mean": [0.027244795585653226, 3.002320040130429, 4.941857913217943, 0.24372962126912107, 0.007634186104840743, 37.88598883872594, 0.2481972661148692, 0.5644367080667472, 0.8862203613097422, 22.641842303349627, 1.479213712206737, 347.2747381131591, 235.08947277631506, 56.30154623008401, 6.598866202483976, 22.70514207753111, 112.34361278384112, 1.4725646092083755, 0.5005096600175589, 347.4330855601561, 0.562391191831751, 0.8818284477485518, 2.3379601311187685, 234.7081510061304, 22.653719474897507, 112.1815508398811, 1.4729057858498225, 346.88970184601436, 56.22909706864912, 6.5854546024874585, 22.658228642230924, 1.4750623441396467, 0.49746702426323697, 347.04636208221706, 0.4982599699021821, 6.911056347362741, -0.0063078442437924315, 0.5011221356012249, 0.49923644156458435, 0.33022949586155004, 0.66977050413845], "scaler_scale": [0.09611489960876274, 1.8741787069292017, 2.825913554673481, 0.3149684138346565, 0.05151366812429023, 27.04828435668862, 0.3177630589572559, 0.4230461507042662, 0.5788356539395136, 6.19129254207714, 0.7572079759299906, 53.18372075854518, 52.094973306239964, 16.065065549527674, 1.68545939376362, 6.568586606619801, 32.849765732873344, 0.7621523185236568, 0.31354863609972516, 54.82973953707069, 0.42014427552436157, 0.5764588264990665, 1.0202850853563106, 46.09126968637067, 6.200955757195008, 31.005799062759603, 0.7529841082498991, 53.12946486225391, 16.248102816289766, 1.6985029207582962, 6.5791419101518, 0.7632152582459653, 0.3153087160756437, 54.89555883038925, 0.49999697228612805, 4.376605069202049, 3.9390565158888853, 0.2351698895786648, 0.3248431532200955, 0.4702956260955247, 0.4702956260955247]}, "dt_created": "2020-10-13T20:11:48", "name": "FDWT", "meta_extra": {"db_path": "/Users/delano/working/fantasy/nfl_hist_2009-2019.scored.db", "fantasy_version": "516b4ceaf18d1d56fc72041bedd175e4b60893b7"}, "dt_trained": "2020-10-13T20:12:02.113870", "training_data_def": {"dt_range": null, "game_number_range": null, "season_parts": ["REG"], "seasons": [2019, 2017, 2016, 2015, 2014, 2013, 2012, 2011]}, "calculation_name": "sklearn"}