{"parameters": {"alpha": 1.0, "calc_stats": {"cur_opp_team_stats": ["op_pts", "op_turnovers", "op_yds", "pts", "turnovers", "win", "yds"], "extra_stats": ["home_C", "modeled_stat_std_mean"], "model_player_stat": null, "model_team_stat": "win", "player_stats": [], "prev_opp_team_stats": [], "team_stats": ["op_pts", "op_yds", "pts", "turnovers", "win", "yds"]}, "est": "ols", "gp_add_white": false, "gp_kernel": "rbf", "hist_agg": "median", "impute": true, "l1_ratio": 0.5, "n_cases": 3500, "n_features": null, "n_games": 6, "player_pos": [], "rf_crit": "mse", "rf_max_depth": 0, "rf_max_features": "sqrt", "rf_min_samples_leaf": 1, "rf_n_jobs": 2, "rf_trees": 10, "sp_C": 1.0, "sp_coef0": 0.0, "sp_degree": 3, "sp_epsilon": 0.1, "sp_gamma": "scale", "sp_shrinking": false, "sp_tol": 0.003}, "trained_parameters": {"X_feature_means": [22.597807468311075, 346.61909044193135, 22.612881123672484, 1.4777321000342531, 0.49910071942446094, 346.79924631723253, 22.598470437018, 1.478251928020567, 346.615261353899, 22.5939203084833, 1.478029134532992, 0.4987017994858608, 346.6301285347048, 0.5005138746145941, 0.49977649815684383], "X_feature_names": ["t.median.6.op_pts", "t.median.6.op_yds", "t.median.6.pts", "t.median.6.turnovers", "t.median.6.win", "t.median.6.yds", "otc.median.6.op_pts", "otc.median.6.op_turnovers", "otc.median.6.op_yds", "otc.median.6.pts", "otc.median.6.turnovers", "otc.median.6.win", "otc.median.6.yds", "x.home_C", "x.modeled_stat_std_mean"], "coeffs": [-0.0267028738202485, -0.01606386983062407, 0.051177741543949176, -0.033728520096666374, 0.0022814222108656496, 0.01708227378364938, 0.028497200754349753, 0.013386703172960996, 0.016394370286742493, -0.05631297023121315, 0.03097183870669513, -0.024438410151488392, -0.012575694041447576, 0.06570320875813292, 0.023022410593817044], "intercept": 0.49922918807810945, "num_features": 15, "scaler_mean": [22.597807468311075, 346.61909044193135, 22.612881123672484, 1.4777321000342531, 0.49910071942446094, 346.79924631723253, 22.598470437018, 1.478251928020567, 346.615261353899, 22.5939203084833, 1.478029134532992, 0.4987017994858608, 346.6301285347048, 0.5005138746145941, 0.49977649815684383], "scaler_scale": [4.780051233136707, 40.52111726628308, 5.320441896743027, 0.5721005572123744, 0.24905449115485134, 44.232643101822205, 4.777286891204966, 0.5533850748373372, 40.44943716394082, 5.339298138756368, 0.5722423585811478, 0.2494915176514025, 44.36318221427971, 0.49999973593280844, 0.25457313107884294]}, "dt_created": "2020-10-13T20:16:38", "name": "team-win", "meta_extra": {"db_path": "/Users/delano/working/fantasy/nfl_hist_2009-2019.scored.db", "fantasy_version": "516b4ceaf18d1d56fc72041bedd175e4b60893b7"}, "dt_trained": "2020-10-13T20:16:48.535036", "training_data_def": {"dt_range": null, "game_number_range": null, "season_parts": ["REG"], "seasons": [2019, 2017, 2016, 2015, 2014, 2013, 2012, 2011]}, "calculation_name": "sklearn"}