{"dt_trained": "2019-02-12T06:41:53.333213", "name": "Yskater", "parameters": {"alpha": 1.0, "calc_stats": {"cur_opp_team_stats": ["goal_sh_ag", "pen", "pen_min", "save", "shot_ag", "takeaway", "win"], "extra_stats": [], "model_player_stat": "y_score#", "model_team_stat": null, "player_stats": ["assist", "fo", "fo_win_pct", "giveaway", "goal", "pm", "shot", "toi_ev", "toi_pp", "toi_sh"], "prev_opp_team_stats": [], "team_stats": ["goal_ag", "pp"]}, "est": "ols", "hist_agg": "median", "impute": true, "l1_ratio": 0.5, "n_cases": 23994, "n_games": 7, "player_pos": ["C", "D", "LW", "RW"], "rf_crit": "mse", "rf_max_depth": 0, "rf_max_features": "sqrt", "rf_min_samples_leaf": 1, "rf_n_jobs": 2, "rf_trees": 10}, "trained_parameters": {"X_feature_means": [0.2598524825053528, 3.40505990636315, 0.44428890488045747, 0.4531931506993304, 0.15370516069989204, -0.005660913493307041, 1.7028010363485848, 841.1130282300707, 87.40619881084297, 69.39166918114603, 2.72869044770344, 3.09317428516454, 0.07683830043263615, 4.022974401390986, 9.613471538073155, 27.650241735969136, 30.38463451161571, 6.733451927956132, 0.5003557726960213], "X_feature_names": ["p.median.7.assist", "p.median.7.fo", "p.median.7.fo_win_pct", "p.median.7.giveaway", "p.median.7.goal", "p.median.7.pm", "p.median.7.shot", "p.median.7.toi_ev", "p.median.7.toi_pp", "p.median.7.toi_sh", "t.median.7.goal_ag", "t.median.7.pp", "otc.median.7.goal_sh_ag", "otc.median.7.pen", "otc.median.7.pen_min", "otc.median.7.save", "otc.median.7.shot_ag", "otc.median.7.takeaway", "otc.median.7.win"], "coeffs": [0.1854130131635163, 0.11089079817458836, -0.004089741320924602, 0.06100499669491877, 0.1814100013496382, -0.05274549313922011, 0.5563572302711643, 0.4114890551989802, 0.6089238961545023, 0.09497254782147103, -0.02129492479262504, -0.0724462873797794, -0.002473013916760152, -0.032269879511381126, 0.0023584908058415103, -0.11484181345399279, 0.253403473543969, 0.039945266401394904, -0.03319934885197131], "intercept": 4.298588893163192, "num_features": 19, "scaler_mean": [0.2598524825053528, 3.40505990636315, 0.44428890488045747, 0.4531931506993304, 0.15370516069989204, -0.005660913493307041, 1.7028010363485848, 841.1130282300707, 87.40619881084297, 69.39166918114603, 2.72869044770344, 3.09317428516454, 0.07683830043263615, 4.022974401390986, 9.613471538073155, 27.650241735969136, 30.38463451161571, 6.733451927956132, 0.5003557726960213], "scaler_scale": [0.2392085008846425, 5.894845275799272, 0.1889481317679487, 0.35666210663374653, 0.18139120187176896, 0.42126646861065026, 0.8865280730910974, 192.03684215452563, 78.61990789023325, 63.67137268281523, 0.6433508390110025, 0.6160104904189794, 0.10545685421364766, 1.1091239731514713, 3.0902078120041057, 3.109932336874598, 3.2135382495097975, 1.8743047611512622, 0.1972530336559305]}, "meta_extra": {"db_path": "nhl_modeling_20072008-20172018.db", "fantasy_version": "v2019.0.1-101-g7cd2eac1"}, "dt_created": "2019-02-12T06:26:48", "training_data_def": {"dt_range": null, "game_number_range": null, "season_parts": ["REG"], "seasons": [20132014, 20142015, 20152016, 20162017, 20172018]}, "calculation_name": "sklearn"}