{"trained_parameters": {"X_feature_means": [0.06649324963453436, 1.7546650614842205, 2.3826855275604095, 0.0016123484392467108, 14.091710379224352, 8.407773669275088, 0.004643563505030527, 35.282397454639266, 232.13645878136205, 113.2922795698925, 1.5252903225806453, 0.5863730213351686, 0.05130190410644643, 0.920014624913971, 231.77899891030057, 22.505369637531548, 113.30872189722412, 345.0877208075247], "X_feature_names": ["p.mean.4.fumbles_lost", "p.mean.4.receiving_rec", "p.mean.4.receiving_targets", "p.mean.4.receiving_twoptm", "p.mean.4.receiving_yds", "p.mean.4.rushing_att", "p.mean.4.rushing_twoptm", "p.mean.4.rushing_yds", "t.mean.4.passing_yds", "t.mean.4.rushing_yds", "t.mean.4.turnovers", "otc.mean.4.def_fumble_recov", "otc.mean.4.def_fumble_recov_tds", "otc.mean.4.def_int", "otc.mean.4.op_passing_yds", "otc.mean.4.op_pts", "otc.mean.4.op_rushing_yds", "otc.mean.4.op_yds"], "coeffs": [0.04990337381962867, 0.16975470741677112, 1.1971945168322267, 0.02310209589755126, 0.6808785572716822, 1.5393904025680576, 0.013516409605190405, 2.1855885035628155, 0.08643522154525402, -0.331732358318676, -0.07770094081105539, 0.06754497621031409, 0.08725529444144202, -0.06288518237367721, 0.08320998680148857, 0.08189627446247025, 0.20110566047912104, 0.1922567025965724], "intercept": 8.613922091323415, "num_features": 18, "scaler_mean": [0.06649324963453436, 1.7546650614842205, 2.3826855275604095, 0.0016123484392467108, 14.091710379224352, 8.407773669275088, 0.004643563505030527, 35.282397454639266, 232.13645878136205, 113.2922795698925, 1.5252903225806453, 0.5863730213351686, 0.05130190410644643, 0.920014624913971, 231.77899891030057, 22.505369637531548, 113.30872189722412, 345.0877208075247], "scaler_scale": [0.13306180080813504, 1.3480584325507265, 1.7269424011351422, 0.02001218234781463, 12.633579206911751, 6.490617379084487, 0.03515777439752824, 30.055800187743124, 49.19082043267995, 29.636458438090475, 0.686185628079764, 0.37550389581141114, 0.1145534270849948, 0.5175959526034806, 41.319298689322714, 5.576209306786882, 28.220786476129877, 47.40296738174745]}, "dt_created": "2019-01-30T23:53:51", "meta_extra": {"db_path": "nfl_hist_reg_2009-2018.opt.db", "fantasy_version": "v2019.0.1-5-g4ef32931"}, "training_data_def": {"dt_range": null, "game_number_range": null, "season_parts": ["REG"], "seasons": [2017, 2016, 2015, 2014, 2013, 2012, 2011, 2010, 2009]}, "parameters": {"alpha": 1.0, "calc_stats": {"cur_opp_team_stats": ["def_fumble_recov", "def_fumble_recov_tds", "def_int", "op_passing_yds", "op_pts", "op_rushing_yds", "op_yds"], "extra_stats": [], "model_player_stat": "dk_score_off#", "model_team_stat": null, "player_stats": ["fumbles_lost", "receiving_rec", "receiving_targets", "receiving_twoptm", "receiving_yds", "rushing_att", "rushing_twoptm", "rushing_yds"], "prev_opp_team_stats": [], "team_stats": ["passing_yds", "rushing_yds", "turnovers"]}, "est": "ols", "hist_agg": "mean", "impute": true, "l1_ratio": 0.5, "n_cases": 398, "n_games": 4, "player_pos": ["RB"], "rf_crit": "mse", "rf_max_depth": 0, "rf_max_features": "sqrt", "rf_min_samples_leaf": 1, "rf_n_jobs": 2, "rf_trees": 10}, "dt_trained": "2019-01-30T23:54:44.355168", "name": "DKR", "calculation_name": "sklearn"}