{"trained_parameters": {"X_feature_means": [0.028440733667895533, 3.0498911933206085, 5.066971621441519, 0.2504951814184443, 0.006750455211617886, 38.63551094728416, 0.2545721010791447, 232.8175640854753, 22.57027781480013, 112.922156322656, 1.5264620077894762, 0.042972984981785346, 0.02588643028525703, 0.015426997245178596, 0.5846241002399523, 0.05084347877603416, 0.9168577268283903, 0.10256153914512198, 2.2915052282354167, 0.0, 0.1534050179211341, 232.414927130543, 22.50847847981269, 112.82605453360615, 1.5296965253710104, 345.24098166414893, 54.70963372730173, 6.437909890695847, 0.49900075498512236, 0.5011984982672254, 0.5009415975119984, 0.5042586775438643], "X_feature_names": ["p.mean.5.fumbles_lost", "p.mean.5.receiving_rec", "p.mean.5.receiving_targets", "p.mean.5.receiving_tds", "p.mean.5.receiving_twoptm", "p.mean.5.receiving_yds", "p.mean.5.tds", "t.mean.5.passing_yds", "t.mean.5.pts", "t.mean.5.rushing_yds", "t.mean.5.turnovers", "otc.mean.5.def_block_fg", "otc.mean.5.def_block_punt", "otc.mean.5.def_block_xp", "otc.mean.5.def_fumble_recov", "otc.mean.5.def_fumble_recov_tds", "otc.mean.5.def_int", "otc.mean.5.def_int_tds", "otc.mean.5.def_sacks", "otc.mean.5.def_safety", "otc.mean.5.def_tds", "otc.mean.5.op_passing_yds", "otc.mean.5.op_pts", "otc.mean.5.op_rushing_yds", "otc.mean.5.op_turnovers", "otc.mean.5.op_yds", "otc.mean.5.pen_yds", "otc.mean.5.pens", "x.home_C", "x.mean.5.player_home_H", "x.mean.5.team_home_H", "x.mean.5.team_win"], "coeffs": [0.0, 0.24270870405173217, 0.9563017202719568, 0.0, 0.0, 0.9473862411691629, 0.0, 0.0, 0.0, 0.0, -0.0, 0.0, -0.0, 0.0, 0.0, 0.0, -0.0, -0.0, -0.0, 0.0, -0.0, 0.0, 0.0, 0.0, 0.0, 0.0, -0.0, -0.0, 0.0, -0.0, -0.0, 0.0], "intercept": 6.894503708309253, "n_iter_": 40, "num_features": 32, "scaler_mean": [0.028440733667895533, 3.0498911933206085, 5.066971621441519, 0.2504951814184443, 0.006750455211617886, 38.63551094728416, 0.2545721010791447, 232.8175640854753, 22.57027781480013, 112.922156322656, 1.5264620077894762, 0.042972984981785346, 0.02588643028525703, 0.015426997245178596, 0.5846241002399523, 0.05084347877603416, 0.9168577268283903, 0.10256153914512198, 2.2915052282354167, 0.0, 0.1534050179211341, 232.414927130543, 22.50847847981269, 112.82605453360615, 1.5296965253710104, 345.24098166414893, 54.70963372730173, 6.437909890695847, 0.49900075498512236, 0.5011984982672254, 0.5009415975119984, 0.5042586775438643], "scaler_scale": [0.07661933474502525, 1.7196645544777245, 2.6440070906396813, 0.2658575570686018, 0.03826750056039874, 24.649399403366495, 0.2675954224754878, 45.94911820714393, 5.608465912300748, 27.401336611356758, 0.6267511728240532, 0.09452319851147799, 0.07246433524546295, 0.05524565790892233, 0.3374308855418618, 0.10168145627735688, 0.46820441169623167, 0.14734325105329082, 0.7756276675621854, 1.0, 0.18358272678440768, 37.1804202060626, 5.066507397063111, 25.69452789657429, 0.6068992206525913, 43.05441926497213, 13.246372150601863, 1.4153688127185584, 0.4999990015084034, 0.20056853233368932, 0.17486416530561602, 0.28172791205099484]}, "dt_created": "2018-11-01T02:45:48", "meta_extra": {"db_path": "nfl.db", "fantasy_version": "v0.31.0-29-ge548997"}, "training_data_def": {"dt_range": null, "game_number_range": null, "season_parts": ["REG"], "seasons": [2017, 2016, 2015, 2014, 2013, 2012, 2011, 2010, 2009]}, "parameters": {"alpha": 1.0, "calc_stats": {"cur_opp_team_stats": ["def_block_fg", "def_block_punt", "def_block_xp", "def_fumble_recov", "def_fumble_recov_tds", "def_int", "def_int_tds", "def_sacks", "def_safety", "def_tds", "op_passing_yds", "op_pts", "op_rushing_yds", "op_turnovers", "op_yds", "pen_yds", "pens"], "extra_stats": ["home_C", "player_home_H", "team_home_H", "team_win"], "model_player_stat": "y_score_off#", "model_team_stat": null, "player_stats": ["fumbles_lost", "receiving_rec", "receiving_targets", "receiving_tds", "receiving_twoptm", "receiving_yds", "tds"], "prev_opp_team_stats": [], "team_stats": ["passing_yds", "pts", "rushing_yds", "turnovers"]}, "est": "elasticnet", "hist_agg": "mean", "impute": true, "l1_ratio": 0.95, "n_cases": 100, "n_games": 5, "player_pos": ["TE", "WR"], "rf_crit": "mse", "rf_max_depth": 0, "rf_max_features": "sqrt", "rf_min_samples_leaf": 1, "rf_n_jobs": 2, "rf_trees": 10}, "dt_trained": "2019-01-31T00:42:11.399794", "name": "YWT", "calculation_name": "sklearn"}