{"trained_parameters": {"X_feature_means": [0.19392637437750515, 19.360934804543835, 1.3972268333170614, 0.040458288578588936, 224.3241545421992, 2.6870097321225113, 0.10044591999479363, 10.790385053542954, 1.4985841226442747, 22.87645804161647, 0.042501112594570095, 0.015486230963778356, 0.050874879242783694, 0.10223930009660802, 0.15311417933939234, 22.54093751017619, 113.07194307857664, 6.431689407014242, 0.5060244856927388, 0.4982740393454664], "X_feature_names": ["p.mean.7.fumbles_lost", "p.mean.7.passing_cmp", "p.mean.7.passing_tds", "p.mean.7.passing_twoptm", "p.mean.7.passing_yds", "p.mean.7.rushing_att", "p.mean.7.rushing_tds", "p.mean.7.rushing_yds", "p.mean.7.tds", "t.mean.7.pts", "otc.mean.7.def_block_fg", "otc.mean.7.def_block_xp", "otc.mean.7.def_fumble_recov_tds", "otc.mean.7.def_int_tds", "otc.mean.7.def_tds", "otc.mean.7.op_pts", "otc.mean.7.op_rushing_yds", "otc.mean.7.pens", "x.mean.7.player_home_H", "x.mean.7.team_home_H"], "coeffs": [-0.45351848885939816, 0.8626187095939803, 5.82633778756723, 0.021226991359219807, 1.693913398711727, 0.9456949854774586, 1.4484958668265413, 0.19319298794719214, -4.296827473335364, -0.11943620202320382, 0.027167173709039566, 0.019857478757115514, -0.0361339630188637, 0.03877613068579728, 0.011282955469614622, 0.3689798246420675, 0.026666383540866204, 0.12601011058793782, -0.699407354262251, 0.3823020407133864], "intercept": 15.692061973114665, "num_features": 20, "scaler_mean": [0.19392637437750515, 19.360934804543835, 1.3972268333170614, 0.040458288578588936, 224.3241545421992, 2.6870097321225113, 0.10044591999479363, 10.790385053542954, 1.4985841226442747, 22.87645804161647, 0.042501112594570095, 0.015486230963778356, 0.050874879242783694, 0.10223930009660802, 0.15311417933939234, 22.54093751017619, 113.07194307857664, 6.431689407014242, 0.5060244856927388, 0.4982740393454664], "scaler_scale": [0.17711109588570545, 5.600165730287763, 0.6451908444491602, 0.08903850308821168, 66.48550048558882, 1.6768443214743327, 0.1511009906267216, 11.756005518131678, 0.6614927689726094, 5.01885171415435, 0.08019370647649594, 0.04757514972557172, 0.08534939583037737, 0.12487225116488944, 0.155814743956432, 4.496633047791495, 22.676261586616942, 1.2572146073628425, 0.19337562805564312, 0.16301831877394446]}, "dt_created": "2018-11-01T02:44:16", "meta_extra": {"db_path": "nfl.db", "fantasy_version": "v0.31.0-29-ge548997"}, "training_data_def": {"dt_range": null, "game_number_range": null, "season_parts": ["REG"], "seasons": [2017, 2016, 2015, 2014, 2013, 2012, 2011, 2010, 2009]}, "parameters": {"alpha": 1.0, "calc_stats": {"cur_opp_team_stats": ["def_block_fg", "def_block_xp", "def_fumble_recov_tds", "def_int_tds", "def_tds", "op_pts", "op_rushing_yds", "pens"], "extra_stats": ["player_home_H", "team_home_H"], "model_player_stat": "y_score_off#", "model_team_stat": null, "player_stats": ["fumbles_lost", "passing_cmp", "passing_tds", "passing_twoptm", "passing_yds", "rushing_att", "rushing_tds", "rushing_yds", "tds"], "prev_opp_team_stats": [], "team_stats": ["pts"]}, "est": "ols", "hist_agg": "mean", "impute": true, "l1_ratio": 0.5, "n_cases": 218, "n_games": 7, "player_pos": ["QB"], "rf_crit": "mse", "rf_max_depth": 0, "rf_max_features": "sqrt", "rf_min_samples_leaf": 1, "rf_n_jobs": 2, "rf_trees": 10}, "dt_trained": "2019-01-31T00:24:53.813552", "name": "YQB", "calculation_name": "sklearn"}