{"trained_parameters": {"X_feature_means": [0.19272689163697337, 30.60170823726682, 18.954045273527562, 0.7887759379584993, 1.35548103123035, 0.039509536784741145, 219.32556067910292, 2.655470551247118, 0.09940264095577447, 0.004349193041291134, 10.64053657514148, 1.4557220708446867, 22.707870273292794, 112.9511602711959, 1.5186971412595232, 0.04338785210037046, 0.026385685328859997, 0.015569301740406797, 0.5842769273782065, 0.05035996365415531, 0.9179073180960368, 0.1011218284755714, 2.281330817082547, 0.0, 0.1514817921297267, 231.69586566016636, 22.527608862794438, 113.23914866848396, 1.5313482910463407, 344.93501432865037, 54.55495561613196, 6.420231355280632, 22.359299643531138, 1.5409065492416298, 344.42865380582924, 0.5057639907776148, 0.5059482559482509, 0.4978604102110071, 0.5094437066548619], "X_feature_names": ["p.median.4.fumbles_lost", "p.median.4.passing_att", "p.median.4.passing_cmp", "p.median.4.passing_ints", "p.median.4.passing_tds", "p.median.4.passing_twoptm", "p.median.4.passing_yds", "p.median.4.rushing_att", "p.median.4.rushing_tds", "p.median.4.rushing_twoptm", "p.median.4.rushing_yds", "p.median.4.tds", "t.median.4.pts", "t.median.4.rushing_yds", "t.median.4.turnovers", "otc.median.4.def_block_fg", "otc.median.4.def_block_punt", "otc.median.4.def_block_xp", "otc.median.4.def_fumble_recov", "otc.median.4.def_fumble_recov_tds", "otc.median.4.def_int", "otc.median.4.def_int_tds", "otc.median.4.def_sacks", "otc.median.4.def_safety", "otc.median.4.def_tds", "otc.median.4.op_passing_yds", "otc.median.4.op_pts", "otc.median.4.op_rushing_yds", "otc.median.4.op_turnovers", "otc.median.4.op_yds", "otc.median.4.pen_yds", "otc.median.4.pens", "otc.median.4.pts", "otc.median.4.turnovers", "otc.median.4.yds", "x.home_C", "x.median.4.player_home_H", "x.median.4.team_home_H", "x.median.4.team_win"], "coeffs": [-0.19526958430686903, 0.46876896984925054, 1.3212676159325234, -0.7471196352661051, 0.7173612517803463, 0.044521733932546326, 1.2754599731169076, 0.8432224528652181, 0.3392770196246282, -0.024365089915386468, 0.17466532164807358, 0.7488756514246333, -0.14508119878587283, 0.05136041133902507, 0.1517148514555856, -0.09602100399079296, -0.13340562525335675, -0.08084269615404552, 0.14606346737425335, 0.04747100445713881, 0.12339692827876779, -0.05769852078442805, 0.1765171597605021, 1.319517230050601e-15, -0.019532437356392096, 0.10336268262316439, 0.3058546394092313, 0.06249937690405148, -0.13220790448597436, 0.1277805903537787, 0.18220725212906763, -0.040581122480954135, 0.1572180116275437, -0.05601714625290255, 0.180878050229621, 0.3941483804253481, -0.41264697529755257, 0.30883320852913165, 0.039183093822155735], "intercept": 15.520444351289047, "num_features": 39, "scaler_mean": [0.19272689163697337, 30.60170823726682, 18.954045273527562, 0.7887759379584993, 1.35548103123035, 0.039509536784741145, 219.32556067910292, 2.655470551247118, 0.09940264095577447, 0.004349193041291134, 10.64053657514148, 1.4557220708446867, 22.707870273292794, 112.9511602711959, 1.5186971412595232, 0.04338785210037046, 0.026385685328859997, 0.015569301740406797, 0.5842769273782065, 0.05035996365415531, 0.9179073180960368, 0.1011218284755714, 2.281330817082547, 0.0, 0.1514817921297267, 231.69586566016636, 22.527608862794438, 113.23914866848396, 1.5313482910463407, 344.93501432865037, 54.55495561613196, 6.420231355280632, 22.359299643531138, 1.5409065492416298, 344.42865380582924, 0.5057639907776148, 0.5059482559482509, 0.4978604102110071, 0.5094437066548619], "scaler_scale": [0.22881302856581343, 9.405177509549652, 6.322862634439314, 0.5048914896936331, 0.7413801688859081, 0.10995078291113033, 75.49102920573985, 1.779819288751099, 0.1809235937854621, 0.03268612519422158, 12.399608559909394, 0.7613576258160011, 5.93838741240205, 29.79354055003673, 0.6893033056039917, 0.10545492121800028, 0.08162943447179427, 0.06211273539369412, 0.3734493245008892, 0.11307559624861008, 0.5133722991385464, 0.16148902222905212, 0.8657084328477836, 1.0, 0.2022208237486211, 40.99677276063458, 5.5201021048437395, 28.083706327450383, 0.6683621957756207, 46.89875466580817, 14.508492572074926, 1.5282298566827122, 5.950968146526865, 0.6922006274295203, 50.07783848541505, 0.49996677530641226, 0.21601735853670595, 0.19023525290316295, 0.29535310390688996]}, "dt_created": "2019-01-30T23:51:25", "meta_extra": {"db_path": "nfl_hist_reg_2009-2018.opt.db", "fantasy_version": "v2019.0.1-5-g4ef32931"}, "training_data_def": {"dt_range": null, "game_number_range": null, "season_parts": ["REG"], "seasons": [2017, 2016, 2015, 2014, 2013, 2012, 2011, 2010, 2009]}, "parameters": {"alpha": 0.001, "calc_stats": {"cur_opp_team_stats": ["def_block_fg", "def_block_punt", "def_block_xp", "def_fumble_recov", "def_fumble_recov_tds", "def_int", "def_int_tds", "def_sacks", "def_safety", "def_tds", "op_passing_yds", "op_pts", "op_rushing_yds", "op_turnovers", "op_yds", "pen_yds", "pens", "pts", "turnovers", "yds"], "extra_stats": ["home_C", "player_home_H", "team_home_H", "team_win"], "model_player_stat": "dk_score_off#", "model_team_stat": null, "player_stats": ["fumbles_lost", "passing_att", "passing_cmp", "passing_ints", "passing_tds", "passing_twoptm", "passing_yds", "rushing_att", "rushing_tds", "rushing_twoptm", "rushing_yds", "tds"], "prev_opp_team_stats": [], "team_stats": ["pts", "rushing_yds", "turnovers"]}, "est": "br", "hist_agg": "median", "impute": true, "l1_ratio": 0.8586108791, "n_cases": 427, "n_games": 4, "player_pos": ["QB"], "rf_crit": "mse", "rf_max_depth": 0, "rf_max_features": "sqrt", "rf_min_samples_leaf": 1, "rf_n_jobs": 2, "rf_trees": 10}, "dt_trained": "2019-01-30T23:52:42.979039", "name": "DKQB", "calculation_name": "sklearn"}