{"trained_parameters": {"X_feature_means": [0.028452594763210777, 3.113047411988696, 5.163315463249275, 0.25690383914224846, 0.006920718944539655, 39.50579990007183, 0.2611035339554222, 233.32511707756413, 22.61594337498589, 112.85860238658107, 1.525894405043335, 0.04306969371511323, 0.026083637861973628, 0.015297357299343483, 0.5848503475341591, 0.05108876024758385, 0.9177975317981977, 0.10239029651294282, 2.29488504466047, 0.0, 0.15347905676055165, 232.46383145437517, 22.51503054292802, 112.86033224581121, 1.530666765736988, 345.32416370018814, 54.77943683028998, 6.446391701510128, 0.49787314490972684, 0.5020955746945791, 0.5006819556139651, 0.5050206884073464], "X_feature_names": ["p.mean.7.fumbles_lost", "p.mean.7.receiving_rec", "p.mean.7.receiving_targets", "p.mean.7.receiving_tds", "p.mean.7.receiving_twoptm", "p.mean.7.receiving_yds", "p.mean.7.tds", "t.mean.7.passing_yds", "t.mean.7.pts", "t.mean.7.rushing_yds", "t.mean.7.turnovers", "otc.mean.7.def_block_fg", "otc.mean.7.def_block_punt", "otc.mean.7.def_block_xp", "otc.mean.7.def_fumble_recov", "otc.mean.7.def_fumble_recov_tds", "otc.mean.7.def_int", "otc.mean.7.def_int_tds", "otc.mean.7.def_sacks", "otc.mean.7.def_safety", "otc.mean.7.def_tds", "otc.mean.7.op_passing_yds", "otc.mean.7.op_pts", "otc.mean.7.op_rushing_yds", "otc.mean.7.op_turnovers", "otc.mean.7.op_yds", "otc.mean.7.pen_yds", "otc.mean.7.pens", "x.home_C", "x.mean.7.player_home_H", "x.mean.7.team_home_H", "x.mean.7.team_win"], "coeffs": [0.0, 0.2220024072560318, 0.9313196253035753, 0.0, 0.0, 1.0287302255760766, 0.0, 0.0, 0.0, -0.0, -0.0, 0.0, -0.0, -0.0, 0.0, -0.0, -0.0, -0.0, -0.0, 0.0, -0.0, 0.0, 0.0, 0.0, -0.0, 0.0, -0.0, -0.0, 0.0, -0.0, -0.0, 0.0], "intercept": 7.017100860194728, "n_iter_": 15, "num_features": 32, "scaler_mean": [0.028452594763210777, 3.113047411988696, 5.163315463249275, 0.25690383914224846, 0.006920718944539655, 39.50579990007183, 0.2611035339554222, 233.32511707756413, 22.61594337498589, 112.85860238658107, 1.525894405043335, 0.04306969371511323, 0.026083637861973628, 0.015297357299343483, 0.5848503475341591, 0.05108876024758385, 0.9177975317981977, 0.10239029651294282, 2.29488504466047, 0.0, 0.15347905676055165, 232.46383145437517, 22.51503054292802, 112.86033224581121, 1.530666765736988, 345.32416370018814, 54.77943683028998, 6.446391701510128, 0.49787314490972684, 0.5020955746945791, 0.5006819556139651, 0.5050206884073464], "scaler_scale": [0.06515170712307027, 1.6485670455121155, 2.5528858485281196, 0.2406544490878734, 0.033004848802830784, 23.54947310201114, 0.24203048571482147, 42.3165302001971, 5.122264743044833, 24.737606890020366, 0.5505853165957707, 0.08089947271469318, 0.06171771603322539, 0.04674872182090487, 0.2892770561179924, 0.0861509521201417, 0.4057697986065458, 0.12527462280341964, 0.6624870951142812, 1.0, 0.15660751830045544, 32.55623754591896, 4.498948054121276, 22.55577415539085, 0.525039424829767, 38.17711801187701, 11.65012509529167, 1.2599556316917804, 0.499995476466945, 0.19011437679659177, 0.16124388952314245, 0.2656660666290145]}, "dt_created": "2018-11-01T02:54:23", "meta_extra": {"db_path": "nfl.db", "fantasy_version": "v0.31.0-29-ge548997"}, "training_data_def": {"dt_range": null, "game_number_range": null, "season_parts": ["REG"], "seasons": [2017, 2016, 2015, 2014, 2013, 2012, 2011, 2010, 2009]}, "parameters": {"alpha": 1.0, "calc_stats": {"cur_opp_team_stats": ["def_block_fg", "def_block_punt", "def_block_xp", "def_fumble_recov", "def_fumble_recov_tds", "def_int", "def_int_tds", "def_sacks", "def_safety", "def_tds", "op_passing_yds", "op_pts", "op_rushing_yds", "op_turnovers", "op_yds", "pen_yds", "pens"], "extra_stats": ["home_C", "player_home_H", "team_home_H", "team_win"], "model_player_stat": "fd_score_off#", "model_team_stat": null, "player_stats": ["fumbles_lost", "receiving_rec", "receiving_targets", "receiving_tds", "receiving_twoptm", "receiving_yds", "tds"], "prev_opp_team_stats": [], "team_stats": ["passing_yds", "pts", "rushing_yds", "turnovers"]}, "est": "lasso", "hist_agg": "mean", "impute": true, "l1_ratio": 0.05, "n_cases": 100, "n_games": 7, "player_pos": ["TE", "WR"], "rf_crit": "mse", "rf_max_depth": 0, "rf_max_features": "sqrt", "rf_min_samples_leaf": 1, "rf_n_jobs": 2, "rf_trees": 10}, "dt_trained": "2019-01-31T00:21:58.318597", "name": "FDWT", "calculation_name": "sklearn"}