{"parameters": {"alpha": 1.0, "calc_stats": {"cur_opp_team_stats": ["off_bb", "off_hbp", "off_hr", "off_k", "off_rbi", "off_rbi_w2", "off_runs", "off_sac", "off_sb", "win"], "extra_stats": ["home_C", "opp_l_hit_%_C", "opp_r_hit_%_H", "player_home_H", "starter_phand_C"], "model_player_stat": "dk_score#", "model_team_stat": null, "player_stats": ["p_bb", "p_er", "p_hits", "p_hr", "p_ibb", "p_ip", "p_k", "p_strikes", "p_win", "p_wp"], "prev_opp_team_stats": [], "team_stats": ["errors", "off_runs", "p_er", "p_hold", "p_save"]}, "est": "ols", "hist_agg": "mean", "impute": true, "l1_ratio": 0.5, "n_cases": 5027, "n_games": 6, "player_pos": ["P"], "rf_crit": "mse", "rf_max_depth": 0, "rf_max_features": "sqrt", "rf_min_samples_leaf": 1, "rf_n_jobs": 2, "rf_trees": 10}, "trained_parameters": {"X_feature_means": [1.6637913170136172, 2.351746246105894, 5.104958973914624, 0.6438406346146601, 0.06358337938477264, 5.276581120090365, 4.583375988050208, 54.6891937026209, 0.3219084657260686, 0.179837846875997, 0.5748057588448459, 4.376235599362645, 4.034251307866944, 0.4913419913419876, 0.2576815150105121, 3.0643710252830876, 0.3468561839897427, 1.0887586897358885, 8.017132704429189, 4.169677228309145, 1.5254663902872292, 4.375474145832453, 0.4658544495678022, 0.5231467772184332, 0.499259697956767, 0.49917509200896826, 0.20814666306757573, 0.3827577778264541, 0.4991994290397716, 0.7446169465713439], "X_feature_names": ["p.mean.6.p_bb", "p.mean.6.p_er", "p.mean.6.p_hits", "p.mean.6.p_hr", "p.mean.6.p_ibb", "p.mean.6.p_ip", "p.mean.6.p_k", "p.mean.6.p_strikes", "p.mean.6.p_win", "p.mean.6.p_wp", "t.mean.6.errors", "t.mean.6.off_runs", "t.mean.6.p_er", "t.mean.6.p_hold", "t.mean.6.p_save", "otc.mean.6.off_bb", "otc.mean.6.off_hbp", "otc.mean.6.off_hr", "otc.mean.6.off_k", "otc.mean.6.off_rbi", "otc.mean.6.off_rbi_w2", "otc.mean.6.off_runs", "otc.mean.6.off_sac", "otc.mean.6.off_sb", "otc.mean.6.win", "x.home_C", "x.opp_l_hit_%_C", "x.mean.6.opp_r_hit_%_H", "x.mean.6.player_home_H", "x.starter_phand_C"], "coeffs": [-0.5350395938309702, 0.5102291775659722, -0.8301784248606026, -0.39428082566513, -0.04999944148783514, -0.8198931586042684, 3.1226919914402633, 2.0134956746724875, 0.08072938292237701, -0.023054967035464446, 0.1184915640240002, 0.05892323744810196, -0.21373024973609508, 0.014674175418749352, -0.07696420085968957, -0.17799476705585104, 0.0784819232449726, 0.005915514147462005, 0.39190412485327975, 0.37105342337467506, 0.08992424093419005, -0.7113771076429066, 0.21914414965213788, 0.19661582105022563, -0.015589258424255964, 0.8041749186425173, -0.2758795160157526, -0.29157359833397317, -0.025980458553520915, -0.24313917090042414], "intercept": 13.64686534963401, "num_features": 30, "scaler_mean": [1.6637913170136172, 2.351746246105894, 5.104958973914624, 0.6438406346146601, 0.06358337938477264, 5.276581120090365, 4.583375988050208, 54.6891937026209, 0.3219084657260686, 0.179837846875997, 0.5748057588448459, 4.376235599362645, 4.034251307866944, 0.4913419913419876, 0.2576815150105121, 3.0643710252830876, 0.3468561839897427, 1.0887586897358885, 8.017132704429189, 4.169677228309145, 1.5254663902872292, 4.375474145832453, 0.4658544495678022, 0.5231467772184332, 0.499259697956767, 0.49917509200896826, 0.20814666306757573, 0.3827577778264541, 0.4991994290397716, 0.7446169465713439], "scaler_scale": [0.7044491387979522, 0.954366511235962, 1.5534197481663008, 0.3717781936789797, 0.10451187480046166, 1.420255949996879, 1.7677538248637783, 14.100133490105398, 0.21196099593571197, 0.1988215309489546, 0.3313069698427233, 1.369125369575286, 1.3056520105687284, 0.36713018060508895, 0.18240913854227084, 0.9147751857150619, 0.26035794733373513, 0.49580581401648327, 1.4346763012224293, 1.319414962898982, 0.7394108760137651, 1.3623544983781724, 0.3004861658593739, 0.3843997621234757, 0.21298712648088713, 0.49999931952624077, 0.14359617492129179, 0.09089784774874973, 0.18432108844511946, 0.4360763114985466]}, "training_data_def": {"dt_range": null, "game_number_range": null, "season_parts": ["REG"], "seasons": [2018, 2017, 2016, 2015, 2014]}, "dt_trained": "2019-02-12T18:18:36.417800", "name": "DKP", "meta_extra": {"db_path": "mlb_modeling_2008-2018.db", "fantasy_version": "v2019.0.1-101-g7cd2eac1"}, "dt_created": "2019-02-12T17:45:20", "calculation_name": "sklearn"}