{"parameters": {"calc_stats": {"cur_opp_team_stats": ["off_1b", "off_2b", "off_3b", "off_ab", "off_bb", "off_hbp", "off_hit", "off_hr", "off_k", "off_pa", "off_rbi", "off_rbi_w2", "off_rlob", "off_runs", "off_sac", "off_sac_f", "off_sac_h", "off_sb", "off_sb_c", "win"], "extra_stats": ["home_C", "opp_l_hit_%_C", "opp_l_hit_%_H", "opp_r_hit_%_C", "opp_r_hit_%_H", "player_home_H", "player_win", "starter_phand_C", "team_home_H", "venue_C"], "model_player_stat": "fd_score#", "model_team_stat": null, "player_stats": ["p_bb", "p_cg", "p_er", "p_hbp", "p_hits", "p_hr", "p_ibb", "p_ip", "p_k", "p_loss", "p_pc", "p_po", "p_qs", "p_runs", "p_strikes", "p_win", "p_wp"], "prev_opp_team_stats": [], "team_stats": ["errors", "off_runs", "p_cg", "p_er", "p_hold", "p_save", "win"]}, "colsample_bytree": 0.6376213241, "gamma": 3593, "gpu": false, "hist_agg": "mean", "impute": true, "learning_rate": 0.0570124823, "max_depth": 7, "min_child_weight": 4, "models_path": "./MODELS_xgboost", "n_cases": 13834, "n_games": 6, "player_pos": ["P"], "rounds": 134, "subsample": 0.8877762271}, "trained_parameters": {"X_feature_means": [1.6637913170136172, 0.01804971543967273, 2.351746246105894, 0.19150357022265485, 5.104958973914624, 0.6438406346146601, 0.06358337938477264, 5.276581120090365, 4.583375988050208, 0.3031470281377413, 85.44863337120053, 1.2768008925535819, 0.4901602458365877, 2.5355470012854653, 54.6891937026209, 0.3219084657260686, 0.179837846875997, 0.5748057588448459, 4.376235599362645, 0.016759028159680014, 4.034251307866944, 0.4913419913419876, 0.2576815150105121, 0.5022491081123004, 5.6528476951929285, 1.6953410324745688, 0.1751836654116673, 34.055226532425195, 3.0643710252830876, 0.3468561839897427, 8.61213108281512, 1.0887586897358885, 8.017132704429189, 37.89437652466972, 4.169677228309145, 1.5254663902872292, 11.798800005640334, 4.375474145832453, 0.4658544495678022, 0.25091303918665964, 0.21494141038115205, 0.5231467772184332, 0.2049085550714214, 0.499259697956767, 0.49917509200896826, 0.20814666306757573, 0.2071917904261655, 0.3836173843735611, 0.3827577778264541, 0.4991994290397716, 0.5037347164011473, 0.7446169465713439, 0.49894855865664167, 0.03278480477177546, 0.03866491814374551, 0.0001692118955962604, 0.03274250179787639, 0.032361775032784805, 0.031769533398197894, 0.033419349380261434, 0.0333347434324633, 0.031473412580904435, 0.03274250179787639, 0.00021151486949532553, 0.03244638098058294, 0.0001269089216971953, 0.03557680104911375, 0.030965776894115657, 0.013240830830407377, 0.0001692118955962604, 0.033250137484665175, 0.032954016667371716, 0.03544989212741656, 0.03468843859723338, 0.03227716908498667, 0.019332459071872754, 0.013494648673801768, 0.032065654215491346, 0.03506916536232497, 0.031177291763610983, 0.03227716908498667, 0.03231947205888574, 0.033250137484665175, 0.013029315960912053, 0.03278480477177546, 0.03447692372773806, 0.02039003341934938, 0.024747239730953087, 0.032065654215491346, 0.032700198823977324], "X_feature_names": ["p.mean.6.p_bb", "p.mean.6.p_cg", "p.mean.6.p_er", "p.mean.6.p_hbp", "p.mean.6.p_hits", "p.mean.6.p_hr", "p.mean.6.p_ibb", "p.mean.6.p_ip", "p.mean.6.p_k", "p.mean.6.p_loss", "p.mean.6.p_pc", "p.mean.6.p_po", "p.mean.6.p_qs", "p.mean.6.p_runs", "p.mean.6.p_strikes", "p.mean.6.p_win", "p.mean.6.p_wp", "t.mean.6.errors", "t.mean.6.off_runs", "t.mean.6.p_cg", "t.mean.6.p_er", "t.mean.6.p_hold", "t.mean.6.p_save", "t.mean.6.win", "otc.mean.6.off_1b", "otc.mean.6.off_2b", "otc.mean.6.off_3b", "otc.mean.6.off_ab", "otc.mean.6.off_bb", "otc.mean.6.off_hbp", "otc.mean.6.off_hit", "otc.mean.6.off_hr", "otc.mean.6.off_k", "otc.mean.6.off_pa", "otc.mean.6.off_rbi", "otc.mean.6.off_rbi_w2", "otc.mean.6.off_rlob", "otc.mean.6.off_runs", "otc.mean.6.off_sac", "otc.mean.6.off_sac_f", "otc.mean.6.off_sac_h", "otc.mean.6.off_sb", "otc.mean.6.off_sb_c", "otc.mean.6.win", "x.home_C", "x.opp_l_hit_%_C", "x.mean.6.opp_l_hit_%_H", "x.opp_r_hit_%_C", "x.mean.6.opp_r_hit_%_H", "x.mean.6.player_home_H", "x.mean.6.player_win", "x.starter_phand_C", "x.mean.6.team_home_H", "x.venue_C#AT&T Park", "x.venue_C#Angel Stadium of Anaheim", "x.venue_C#BB&T Ballpark at Historic Bowman Field", "x.venue_C#Busch Stadium", "x.venue_C#Chase Field", "x.venue_C#Citi Field", "x.venue_C#Citizens Bank Park", "x.venue_C#Comerica Park", "x.venue_C#Coors Field", "x.venue_C#Dodger Stadium", "x.venue_C#Estadio de Beisbol Monterrey", "x.venue_C#Fenway Park", "x.venue_C#Fort Bragg Field", "x.venue_C#Globe Life Park in Arlington", "x.venue_C#Great American Ball Park", "x.venue_C#Guaranteed Rate Field", "x.venue_C#Hiram Bithorn Stadium", "x.venue_C#Kauffman Stadium", "x.venue_C#Marlins Park", "x.venue_C#Miller Park", "x.venue_C#Minute Maid Park", "x.venue_C#Nationals Park", "x.venue_C#O.co Coliseum", "x.venue_C#Oakland Coliseum", "x.venue_C#Oriole Park at Camden Yards", "x.venue_C#PETCO Park", "x.venue_C#PNC Park", "x.venue_C#Progressive Field", "x.venue_C#Rogers Centre", "x.venue_C#Safeco Field", "x.venue_C#SunTrust Park", "x.venue_C#Target Field", "x.venue_C#Tropicana Field", "x.venue_C#Turner Field", "x.venue_C#U.S. Cellular Field", "x.venue_C#Wrigley Field", "x.venue_C#Yankee Stadium"], "model_path": "./MODELS_xgboost/df2ec912-2eed-11e9-99c3-a8206611ccf9.xgboost"}, "training_data_def": {"dt_range": null, "game_number_range": null, "season_parts": ["REG"], "seasons": [2018, 2017, 2016, 2015, 2014]}, "dt_trained": "2019-02-12T17:44:40.552406", "name": "FDP", "meta_extra": {"db_path": "mlb_modeling_2008-2018.db", "fantasy_version": "v2019.0.1-101-g7cd2eac1"}, "dt_created": "2019-02-12T17:44:18", "calculation_name": "xgboost"}